"event_id","aggregate_id","aggregate_type","resource_id","name","type","resource_path","organisation_id","parent_id","deal_type_id","deal_description","deal_status","resource_created_at","created_at","created_by","updated_at","updated_by","version"
,a69185e6-265c-444f-a28e-232e5abf1306,ResourceModel,a69185e6-265c-444f-a28e-232e5abf1306,"TA XV-A, LP",DEAL,b6becb93-4b72-4e45-9c12-e55508a29a1c.ddea4102-8ccc-4b58-b6e8-d706303b53c3.381dfb07-4385-49db-b80f-24865a535afa.a69185e6-265c-444f-a28e-232e5abf1306,b6becb93-4b72-4e45-9c12-e55508a29a1c,"381dfb07-4385-49db-b80f-24865a535afa",,,Active,2023-02-10 15:54:04.469,2023-02-10 15:54:04.469,"00000000-0000-0000-0000-000000000001",2025-09-11 07:24:30.213,"6d95c757-c6e2-4bec-b7ce-4251b8becefb",5
,f12499ba-77c1-4a69-a732-015a454c3b8a,ResourceModel,f12499ba-77c1-4a69-a732-015a454c3b8a,"New Mountain Partners VII, L.P.",DEAL,b6becb93-4b72-4e45-9c12-e55508a29a1c.ddea4102-8ccc-4b58-b6e8-d706303b53c3.381dfb07-4385-49db-b80f-24865a535afa.f12499ba-77c1-4a69-a732-015a454c3b8a,b6becb93-4b72-4e45-9c12-e55508a29a1c,"381dfb07-4385-49db-b80f-24865a535afa",,,Active,2023-01-11 21:34:28.171,2023-01-11 21:34:28.171,"00000000-0000-0000-0000-000000000001",2025-08-22 05:52:31.122,ea40a4fe-ed6c-4d58-bdb1-9f033c893f4b,7
,f6a7f522-0b52-41ca-bd78-b61e006d55ae,ResourceModel,f6a7f522-0b52-41ca-bd78-b61e006d55ae,"American Industrial Partners Capital Fund VIII, L.P.",DEAL,b6becb93-4b72-4e45-9c12-e55508a29a1c.ddea4102-8ccc-4b58-b6e8-d706303b53c3.381dfb07-4385-49db-b80f-24865a535afa.f6a7f522-0b52-41ca-bd78-b61e006d55ae,b6becb93-4b72-4e45-9c12-e55508a29a1c,"381dfb07-4385-49db-b80f-24865a535afa",,,Active,2023-03-17 17:50:33.119,2023-03-17 17:50:33.119,"00000000-0000-0000-0000-000000000001",2025-08-20 10:26:47.116,"6d95c757-c6e2-4bec-b7ce-4251b8becefb",6
,"0a066639-e7bd-48c0-8464-226e4e89c057",ResourceModel,"0a066639-e7bd-48c0-8464-226e4e89c057","ZZZPIMCO Specialty Finance Income Fund Onshore Feeder, L.P.",DEAL,b6becb93-4b72-4e45-9c12-e55508a29a1c.ddea4102-8ccc-4b58-b6e8-d706303b53c3.f90cf6f9-ea5a-403c-b19b-d44701a887ae.0a066639-e7bd-48c0-8464-226e4e89c057,b6becb93-4b72-4e45-9c12-e55508a29a1c,f90cf6f9-ea5a-403c-b19b-d44701a887ae,,,Inactive,2023-08-29 14:52:36.054,2023-08-29 14:52:36.054,"00000000-0000-0000-0000-000000000001",2023-08-29 14:52:36.626,"00000000-0000-0000-0000-000000000001",6
,"8fc855e9-5fd6-4f18-a45f-b30430a04fe3",ResourceModel,"8fc855e9-5fd6-4f18-a45f-b30430a04fe3",ZZZArchived,DEAL,b6becb93-4b72-4e45-9c12-e55508a29a1c.ddea4102-8ccc-4b58-b6e8-d706303b53c3.f90cf6f9-ea5a-403c-b19b-d44701a887ae.8fc855e9-5fd6-4f18-a45f-b30430a04fe3,b6becb93-4b72-4e45-9c12-e55508a29a1c,f90cf6f9-ea5a-403c-b19b-d44701a887ae,,,Inactive,2024-03-19 15:22:26.003,2024-03-19 15:22:26.003,"00000000-0000-0000-0000-000000000001",2024-03-19 15:22:27.135,"00000000-0000-0000-0000-000000000001",10
,"915cedd3-d92d-407f-b743-4a5ef61848e9",ResourceModel,"915cedd3-d92d-407f-b743-4a5ef61848e9",EQT X Agent Side Car (USD) SCSp,DEAL,b6becb93-4b72-4e45-9c12-e55508a29a1c.ddea4102-8ccc-4b58-b6e8-d706303b53c3.381dfb07-4385-49db-b80f-24865a535afa.915cedd3-d92d-407f-b743-4a5ef61848e9,b6becb93-4b72-4e45-9c12-e55508a29a1c,"381dfb07-4385-49db-b80f-24865a535afa",,,Coming Soon,2023-07-11 17:48:48.936,2023-07-11 17:48:48.936,"00000000-0000-0000-0000-000000000001",2023-07-11 17:48:48.936,"00000000-0000-0000-0000-000000000001",4
,"7784c529-00fc-41aa-97ee-80c325add9d4",ResourceModel,"7784c529-00fc-41aa-97ee-80c325add9d4",Montagu VII (A) SCSp,DEAL,b6becb93-4b72-4e45-9c12-e55508a29a1c.ddea4102-8ccc-4b58-b6e8-d706303b53c3.381dfb07-4385-49db-b80f-24865a535afa.7784c529-00fc-41aa-97ee-80c325add9d4,b6becb93-4b72-4e45-9c12-e55508a29a1c,"381dfb07-4385-49db-b80f-24865a535afa",,,Active,2023-02-09 19:26:05.822,2023-02-09 19:26:05.822,"00000000-0000-0000-0000-000000000001",2023-02-09 19:26:06.086,"00000000-0000-0000-0000-000000000001",4
,b2d52417-ae4c-4ae9-ad48-48b3859afe13,ResourceModel,b2d52417-ae4c-4ae9-ad48-48b3859afe13,"Fortress Credit Opportunities Fund VI (A), LP",DEAL,b6becb93-4b72-4e45-9c12-e55508a29a1c.ddea4102-8ccc-4b58-b6e8-d706303b53c3.381dfb07-4385-49db-b80f-24865a535afa.b2d52417-ae4c-4ae9-ad48-48b3859afe13,b6becb93-4b72-4e45-9c12-e55508a29a1c,"381dfb07-4385-49db-b80f-24865a535afa",,,Coming Soon,2023-03-17 17:51:27.252,2023-03-17 17:51:27.252,"00000000-0000-0000-0000-000000000001",2025-09-01 06:50:20.142,"6d95c757-c6e2-4bec-b7ce-4251b8becefb",10
,d35d7d50-2eff-4478-8367-4d3167167f38,ResourceModel,d35d7d50-2eff-4478-8367-4d3167167f38,ZZZ2,DEAL,b6becb93-4b72-4e45-9c12-e55508a29a1c.ddea4102-8ccc-4b58-b6e8-d706303b53c3.381dfb07-4385-49db-b80f-24865a535afa.d35d7d50-2eff-4478-8367-4d3167167f38,b6becb93-4b72-4e45-9c12-e55508a29a1c,"381dfb07-4385-49db-b80f-24865a535afa",,,Inactive,2023-01-11 18:46:34.246,2023-01-11 18:46:34.246,"00000000-0000-0000-0000-000000000001",2023-01-11 18:46:34.246,"00000000-0000-0000-0000-000000000001",2
,"8c326cb3-44b0-45e5-815a-8afdcb45b8f0",ResourceModel,"8c326cb3-44b0-45e5-815a-8afdcb45b8f0",ZZZThoma Bravo Fund XV,DEAL,b6becb93-4b72-4e45-9c12-e55508a29a1c.ddea4102-8ccc-4b58-b6e8-d706303b53c3.381dfb07-4385-49db-b80f-24865a535afa.8c326cb3-44b0-45e5-815a-8afdcb45b8f0,b6becb93-4b72-4e45-9c12-e55508a29a1c,"381dfb07-4385-49db-b80f-24865a535afa",,,Coming Soon,2023-01-11 18:52:55.622,2023-01-11 18:52:55.622,"00000000-0000-0000-0000-000000000001",2023-01-11 18:52:55.622,"00000000-0000-0000-0000-000000000001",6
,b66d93de-611f-4b23-86c3-dad509b8b253,ResourceModel,b66d93de-611f-4b23-86c3-dad509b8b253,"Platinum Equity Capital Partners VI, L.P.",DEAL,b6becb93-4b72-4e45-9c12-e55508a29a1c.ddea4102-8ccc-4b58-b6e8-d706303b53c3.381dfb07-4385-49db-b80f-24865a535afa.b66d93de-611f-4b23-86c3-dad509b8b253,b6becb93-4b72-4e45-9c12-e55508a29a1c,"381dfb07-4385-49db-b80f-24865a535afa",,,Active,2023-01-11 18:48:10.690,2023-01-11 18:48:10.690,"00000000-0000-0000-0000-000000000001",2025-08-28 05:19:42.102,"6d95c757-c6e2-4bec-b7ce-4251b8becefb",15
,efca0e84-2b42-42ee-ba01-947e75779025,ResourceModel,efca0e84-2b42-42ee-ba01-947e75779025,"Clayton, Dubilier & Rice Fund XII, L.P.",DEAL,b6becb93-4b72-4e45-9c12-e55508a29a1c.ddea4102-8ccc-4b58-b6e8-d706303b53c3.381dfb07-4385-49db-b80f-24865a535afa.efca0e84-2b42-42ee-ba01-947e75779025,b6becb93-4b72-4e45-9c12-e55508a29a1c,"381dfb07-4385-49db-b80f-24865a535afa",,,Active,2023-01-11 18:51:34.918,2023-01-11 18:51:34.918,"00000000-0000-0000-0000-000000000001",2025-08-18 10:54:46.070,ea40a4fe-ed6c-4d58-bdb1-9f033c893f4b,13
,fb2292be-47cd-42bd-b1ca-1f7f393fd929,ResourceModel,fb2292be-47cd-42bd-b1ca-1f7f393fd929,Lone Star Fund XII,DEAL,b6becb93-4b72-4e45-9c12-e55508a29a1c.ddea4102-8ccc-4b58-b6e8-d706303b53c3.381dfb07-4385-49db-b80f-24865a535afa.fb2292be-47cd-42bd-b1ca-1f7f393fd929,b6becb93-4b72-4e45-9c12-e55508a29a1c,"381dfb07-4385-49db-b80f-24865a535afa",,,Active,2023-01-11 18:38:39.537,2023-01-11 18:38:39.537,"00000000-0000-0000-0000-000000000001",2025-08-18 13:23:30.107,"6d95c757-c6e2-4bec-b7ce-4251b8becefb",12
,"6798d677-2a7f-4e5e-a49a-dfb5759ede72",ResourceModel,"6798d677-2a7f-4e5e-a49a-dfb5759ede72",ZZZSaturn III,DEAL,b6becb93-4b72-4e45-9c12-e55508a29a1c.ddea4102-8ccc-4b58-b6e8-d706303b53c3.381dfb07-4385-49db-b80f-24865a535afa.6798d677-2a7f-4e5e-a49a-dfb5759ede72,b6becb93-4b72-4e45-9c12-e55508a29a1c,"381dfb07-4385-49db-b80f-24865a535afa",,,Coming Soon,2023-01-11 18:47:13.986,2023-01-11 18:47:13.986,"00000000-0000-0000-0000-000000000001",2023-01-11 18:47:13.986,"00000000-0000-0000-0000-000000000001",6
,"4e505dd3-019b-4f4f-875d-0a00ed2383fd",ResourceModel,"4e505dd3-019b-4f4f-875d-0a00ed2383fd",ZZZGTCR IV*,DEAL,b6becb93-4b72-4e45-9c12-e55508a29a1c.ddea4102-8ccc-4b58-b6e8-d706303b53c3.381dfb07-4385-49db-b80f-24865a535afa.4e505dd3-019b-4f4f-875d-0a00ed2383fd,b6becb93-4b72-4e45-9c12-e55508a29a1c,"381dfb07-4385-49db-b80f-24865a535afa",,,Coming Soon,2023-01-11 18:44:28.489,2023-01-11 18:44:28.489,"00000000-0000-0000-0000-000000000001",2023-01-11 18:44:28.489,"00000000-0000-0000-0000-000000000001",6
,f294298c-f061-41e2-a5ae-2fb5737f8bed,ResourceModel,f294298c-f061-41e2-a5ae-2fb5737f8bed,"TPG Partners IX, L.P.",DEAL,b6becb93-4b72-4e45-9c12-e55508a29a1c.ddea4102-8ccc-4b58-b6e8-d706303b53c3.381dfb07-4385-49db-b80f-24865a535afa.f294298c-f061-41e2-a5ae-2fb5737f8bed,b6becb93-4b72-4e45-9c12-e55508a29a1c,"381dfb07-4385-49db-b80f-24865a535afa",,,Active,2023-01-11 18:50:16.752,2023-01-11 18:50:16.752,"00000000-0000-0000-0000-000000000001",2025-08-11 06:42:52.314,"6d95c757-c6e2-4bec-b7ce-4251b8becefb",12
,b11528ac-4132-4171-b5bf-04e8988b3546,ResourceModel,b11528ac-4132-4171-b5bf-04e8988b3546,ZZZArdian Buyout,DEAL,b6becb93-4b72-4e45-9c12-e55508a29a1c.ddea4102-8ccc-4b58-b6e8-d706303b53c3.381dfb07-4385-49db-b80f-24865a535afa.b11528ac-4132-4171-b5bf-04e8988b3546,b6becb93-4b72-4e45-9c12-e55508a29a1c,"381dfb07-4385-49db-b80f-24865a535afa",,,Inactive,2023-01-11 18:45:29.902,2023-01-11 18:45:29.902,"00000000-0000-0000-0000-000000000001",2023-01-11 18:45:29.902,"00000000-0000-0000-0000-000000000001",6
,e1fbb8b8-ee3e-4f48-8812-87542a4a5657,ResourceModel,e1fbb8b8-ee3e-4f48-8812-87542a4a5657,EQT X (NO.2) USD SCSP,DEAL,b6becb93-4b72-4e45-9c12-e55508a29a1c.ddea4102-8ccc-4b58-b6e8-d706303b53c3.381dfb07-4385-49db-b80f-24865a535afa.e1fbb8b8-ee3e-4f48-8812-87542a4a5657,b6becb93-4b72-4e45-9c12-e55508a29a1c,"381dfb07-4385-49db-b80f-24865a535afa",,,Active,2023-01-11 18:53:50.041,2023-01-11 18:53:50.041,"00000000-0000-0000-0000-000000000001",2025-08-19 09:12:26.138,ea40a4fe-ed6c-4d58-bdb1-9f033c893f4b,12
,c35d7c7a-e935-49c2-9d10-4b736158165a,ResourceModel,c35d7c7a-e935-49c2-9d10-4b736158165a,ZZZ,DEAL,b6becb93-4b72-4e45-9c12-e55508a29a1c.ddea4102-8ccc-4b58-b6e8-d706303b53c3.f90cf6f9-ea5a-403c-b19b-d44701a887ae.c35d7c7a-e935-49c2-9d10-4b736158165a,b6becb93-4b72-4e45-9c12-e55508a29a1c,f90cf6f9-ea5a-403c-b19b-d44701a887ae,,,Coming Soon,2024-03-20 18:17:05.009,2024-03-20 18:17:05.009,"00000000-0000-0000-0000-000000000001",2024-03-20 18:17:06.204,"00000000-0000-0000-0000-000000000001",8
,e9eaec9e-98cd-4ec5-9e89-a18fd0e24420,ResourceModel,e9eaec9e-98cd-4ec5-9e89-a18fd0e24420,H.I.G. Whitehorse Middle Market Lending Fund L.P.,DEAL,b6becb93-4b72-4e45-9c12-e55508a29a1c.ddea4102-8ccc-4b58-b6e8-d706303b53c3.f90cf6f9-ea5a-403c-b19b-d44701a887ae.e9eaec9e-98cd-4ec5-9e89-a18fd0e24420,b6becb93-4b72-4e45-9c12-e55508a29a1c,f90cf6f9-ea5a-403c-b19b-d44701a887ae,,,Active,2023-01-11 19:40:02.515,2023-01-11 19:40:02.515,"00000000-0000-0000-0000-000000000001",2025-08-12 06:25:14.096,ea40a4fe-ed6c-4d58-bdb1-9f033c893f4b,15
,"0ca2d3c4-52a1-40f6-a8aa-55434944f2e3",ResourceModel,"0ca2d3c4-52a1-40f6-a8aa-55434944f2e3","HPS Specialty Loan International Fund VI, SCSp",DEAL,b6becb93-4b72-4e45-9c12-e55508a29a1c.ddea4102-8ccc-4b58-b6e8-d706303b53c3.f90cf6f9-ea5a-403c-b19b-d44701a887ae.0ca2d3c4-52a1-40f6-a8aa-55434944f2e3,b6becb93-4b72-4e45-9c12-e55508a29a1c,f90cf6f9-ea5a-403c-b19b-d44701a887ae,,,Coming Soon,2023-01-11 19:44:04.359,2023-01-11 19:44:04.359,"00000000-0000-0000-0000-000000000001",2025-09-08 06:06:17.148,"6d95c757-c6e2-4bec-b7ce-4251b8becefb",14
,a4386321-1397-4007-a263-58f82ab9644c,ResourceModel,a4386321-1397-4007-a263-58f82ab9644c,ZZZAstorg VIII,DEAL,b6becb93-4b72-4e45-9c12-e55508a29a1c.ddea4102-8ccc-4b58-b6e8-d706303b53c3.381dfb07-4385-49db-b80f-24865a535afa.a4386321-1397-4007-a263-58f82ab9644c,b6becb93-4b72-4e45-9c12-e55508a29a1c,"381dfb07-4385-49db-b80f-24865a535afa",,,Inactive,2023-01-11 18:36:15.311,2023-01-11 18:36:15.311,"00000000-0000-0000-0000-000000000001",2023-01-11 18:36:15.311,"00000000-0000-0000-0000-000000000001",2
,"6709962e-45a6-4d74-9bde-bdcbcbd0f59e",ResourceModel,"6709962e-45a6-4d74-9bde-bdcbcbd0f59e",Blue Owl Technology Finance Corp.,DEAL,b6becb93-4b72-4e45-9c12-e55508a29a1c.ddea4102-8ccc-4b58-b6e8-d706303b53c3.f90cf6f9-ea5a-403c-b19b-d44701a887ae.6709962e-45a6-4d74-9bde-bdcbcbd0f59e,b6becb93-4b72-4e45-9c12-e55508a29a1c,f90cf6f9-ea5a-403c-b19b-d44701a887ae,,,Active,2023-01-11 19:37:38.114,2023-01-11 19:37:38.114,"00000000-0000-0000-0000-000000000001",2025-09-01 07:23:15.148,"6d95c757-c6e2-4bec-b7ce-4251b8becefb",8
,f6b60295-dea4-4095-ad13-91cf91ee066b,ResourceModel,f6b60295-dea4-4095-ad13-91cf91ee066b,Barings EPLF IV,DEAL,b6becb93-4b72-4e45-9c12-e55508a29a1c.ddea4102-8ccc-4b58-b6e8-d706303b53c3.f90cf6f9-ea5a-403c-b19b-d44701a887ae.f6b60295-dea4-4095-ad13-91cf91ee066b,b6becb93-4b72-4e45-9c12-e55508a29a1c,f90cf6f9-ea5a-403c-b19b-d44701a887ae,,,Coming Soon,2023-01-11 19:42:29.769,2023-01-11 19:42:29.769,"00000000-0000-0000-0000-000000000001",2025-09-04 04:54:54.121,"6d95c757-c6e2-4bec-b7ce-4251b8becefb",8
,e98d7d23-3ab9-468d-94a7-db2f1d9d1efe,ResourceModel,e98d7d23-3ab9-468d-94a7-db2f1d9d1efe,Harmonic Fund Services,DEAL,b6becb93-4b72-4e45-9c12-e55508a29a1c.a808eec8-962d-4094-b8b0-6f2d83627574.e98d7d23-3ab9-468d-94a7-db2f1d9d1efe,b6becb93-4b72-4e45-9c12-e55508a29a1c,a808eec8-962d-4094-b8b0-6f2d83627574,,,Active,2023-11-24 20:23:19.792,2023-11-24 20:23:19.792,"00000000-0000-0000-0000-000000000001",2025-07-31 13:46:31.053,"94c61d8b-51cc-4305-bc62-1e36858b2491",24
,"94d36be8-4ecc-4d43-bdf3-1efc089dd93f",ResourceModel,"94d36be8-4ecc-4d43-bdf3-1efc089dd93f","Blue Owl Diversified Lending 2020 Fund, L.P.",DEAL,b6becb93-4b72-4e45-9c12-e55508a29a1c.ddea4102-8ccc-4b58-b6e8-d706303b53c3.f90cf6f9-ea5a-403c-b19b-d44701a887ae.94d36be8-4ecc-4d43-bdf3-1efc089dd93f,b6becb93-4b72-4e45-9c12-e55508a29a1c,f90cf6f9-ea5a-403c-b19b-d44701a887ae,,,Active,2023-01-11 19:42:02.302,2023-01-11 19:42:02.302,"00000000-0000-0000-0000-000000000001",2025-09-03 12:55:36.091,"6d95c757-c6e2-4bec-b7ce-4251b8becefb",6
,"8e8ec214-d6b7-42d3-9d3e-689a9592307f",ResourceModel,"8e8ec214-d6b7-42d3-9d3e-689a9592307f","17 Capital Credit Partners Fund 2 USD Feeder II SCSp",DEAL,b6becb93-4b72-4e45-9c12-e55508a29a1c.ddea4102-8ccc-4b58-b6e8-d706303b53c3.f90cf6f9-ea5a-403c-b19b-d44701a887ae.8e8ec214-d6b7-42d3-9d3e-689a9592307f,b6becb93-4b72-4e45-9c12-e55508a29a1c,f90cf6f9-ea5a-403c-b19b-d44701a887ae,,,Coming Soon,2023-01-11 19:43:28.877,2023-01-11 19:43:28.877,"00000000-0000-0000-0000-000000000001",2023-01-11 19:43:28.877,"00000000-0000-0000-0000-000000000001",4
,"0f29e43b-3940-4aff-b84a-b249cf6a879c",ResourceModel,"0f29e43b-3940-4aff-b84a-b249cf6a879c","Partners Group Direct Equity V (USD) C-I, L.P.",DEAL,b6becb93-4b72-4e45-9c12-e55508a29a1c.ddea4102-8ccc-4b58-b6e8-d706303b53c3.381dfb07-4385-49db-b80f-24865a535afa.0f29e43b-3940-4aff-b84a-b249cf6a879c,b6becb93-4b72-4e45-9c12-e55508a29a1c,"381dfb07-4385-49db-b80f-24865a535afa",,,Active,2023-01-11 18:34:11.326,2023-01-11 18:34:11.326,"00000000-0000-0000-0000-000000000001",2025-09-08 06:34:03.083,"6d95c757-c6e2-4bec-b7ce-4251b8becefb",14
,"7e8c438d-af40-4add-94ab-cbafa601b4f0",ResourceModel,"7e8c438d-af40-4add-94ab-cbafa601b4f0",Crescent Direct Lending 4,DEAL,b6becb93-4b72-4e45-9c12-e55508a29a1c.ddea4102-8ccc-4b58-b6e8-d706303b53c3.f90cf6f9-ea5a-403c-b19b-d44701a887ae.7e8c438d-af40-4add-94ab-cbafa601b4f0,b6becb93-4b72-4e45-9c12-e55508a29a1c,f90cf6f9-ea5a-403c-b19b-d44701a887ae,,,Coming Soon,2023-01-11 19:36:00.347,2023-01-11 19:36:00.347,"00000000-0000-0000-0000-000000000001",2023-01-11 19:36:00.347,"00000000-0000-0000-0000-000000000001",2
,"42d7a525-f52b-4bd7-b642-d86c2e28dc76",ResourceModel,"42d7a525-f52b-4bd7-b642-d86c2e28dc76",Pemberton Senior Loan Fund II SCSp SICAV-RAIF (EUR),DEAL,b6becb93-4b72-4e45-9c12-e55508a29a1c.ddea4102-8ccc-4b58-b6e8-d706303b53c3.f90cf6f9-ea5a-403c-b19b-d44701a887ae.42d7a525-f52b-4bd7-b642-d86c2e28dc76,b6becb93-4b72-4e45-9c12-e55508a29a1c,f90cf6f9-ea5a-403c-b19b-d44701a887ae,,,Active,2023-01-11 19:34:41.579,2023-01-11 19:34:41.579,"00000000-0000-0000-0000-000000000001",2025-08-18 07:33:19.118,"6d95c757-c6e2-4bec-b7ce-4251b8becefb",4
,b0d98070-579d-4d09-90b6-a34cb1684f2c,ResourceModel,b0d98070-579d-4d09-90b6-a34cb1684f2c,Albacore Partners Fund IV,DEAL,b6becb93-4b72-4e45-9c12-e55508a29a1c.ddea4102-8ccc-4b58-b6e8-d706303b53c3.f90cf6f9-ea5a-403c-b19b-d44701a887ae.b0d98070-579d-4d09-90b6-a34cb1684f2c,b6becb93-4b72-4e45-9c12-e55508a29a1c,f90cf6f9-ea5a-403c-b19b-d44701a887ae,,,Coming Soon,2023-01-11 19:33:08.938,2023-01-11 19:33:08.938,"00000000-0000-0000-0000-000000000001",2023-01-11 19:33:08.938,"00000000-0000-0000-0000-000000000001",2
,"597ddac2-2b3e-4884-a526-8d482a0eb276",ResourceModel,"597ddac2-2b3e-4884-a526-8d482a0eb276",Bain Capital GSS 2022 (B) SCSp,DEAL,b6becb93-4b72-4e45-9c12-e55508a29a1c.ddea4102-8ccc-4b58-b6e8-d706303b53c3.f90cf6f9-ea5a-403c-b19b-d44701a887ae.597ddac2-2b3e-4884-a526-8d482a0eb276,b6becb93-4b72-4e45-9c12-e55508a29a1c,f90cf6f9-ea5a-403c-b19b-d44701a887ae,,,Active,2023-01-11 19:35:26.906,2023-01-11 19:35:26.906,"00000000-0000-0000-0000-000000000001",2025-08-29 06:25:25.134,"6d95c757-c6e2-4bec-b7ce-4251b8becefb",9
,a4aba89f-e879-493e-afab-9f6edbce24e5,ResourceModel,a4aba89f-e879-493e-afab-9f6edbce24e5,ZZZBain North America XIV,DEAL,b6becb93-4b72-4e45-9c12-e55508a29a1c.ddea4102-8ccc-4b58-b6e8-d706303b53c3.381dfb07-4385-49db-b80f-24865a535afa.a4aba89f-e879-493e-afab-9f6edbce24e5,b6becb93-4b72-4e45-9c12-e55508a29a1c,"381dfb07-4385-49db-b80f-24865a535afa",,,Coming Soon,2023-01-11 18:45:58.784,2023-01-11 18:45:58.784,"00000000-0000-0000-0000-000000000001",2023-01-11 18:45:58.784,"00000000-0000-0000-0000-000000000001",4
,"81d7faa2-12e7-4362-a640-3216578956dc",ResourceModel,"81d7faa2-12e7-4362-a640-3216578956dc","Carlyle Asia Partners VI, L.P.",DEAL,b6becb93-4b72-4e45-9c12-e55508a29a1c.ddea4102-8ccc-4b58-b6e8-d706303b53c3.381dfb07-4385-49db-b80f-24865a535afa.81d7faa2-12e7-4362-a640-3216578956dc,b6becb93-4b72-4e45-9c12-e55508a29a1c,"381dfb07-4385-49db-b80f-24865a535afa",,,Active,2023-01-11 18:43:08.815,2023-01-11 18:43:08.815,"00000000-0000-0000-0000-000000000001",2023-01-11 18:43:08.815,"00000000-0000-0000-0000-000000000001",2
,c8a60951-5e7a-421f-9857-aea03d5b638b,ResourceModel,c8a60951-5e7a-421f-9857-aea03d5b638b,Goldman Sachs Credit BDC,DEAL,b6becb93-4b72-4e45-9c12-e55508a29a1c.ddea4102-8ccc-4b58-b6e8-d706303b53c3.f90cf6f9-ea5a-403c-b19b-d44701a887ae.c8a60951-5e7a-421f-9857-aea03d5b638b,b6becb93-4b72-4e45-9c12-e55508a29a1c,f90cf6f9-ea5a-403c-b19b-d44701a887ae,,,Coming Soon,2023-01-11 19:30:36.739,2023-01-11 19:30:36.739,"00000000-0000-0000-0000-000000000001",2023-01-11 19:30:36.739,"00000000-0000-0000-0000-000000000001",2
,f0cda1a3-1453-4c2c-819d-5cf6e8e3e31d,ResourceModel,f0cda1a3-1453-4c2c-819d-5cf6e8e3e31d,Onex Partners VI,DEAL,b6becb93-4b72-4e45-9c12-e55508a29a1c.ddea4102-8ccc-4b58-b6e8-d706303b53c3.381dfb07-4385-49db-b80f-24865a535afa.f0cda1a3-1453-4c2c-819d-5cf6e8e3e31d,b6becb93-4b72-4e45-9c12-e55508a29a1c,"381dfb07-4385-49db-b80f-24865a535afa",,,Coming Soon,2023-01-11 18:41:27.666,2023-01-11 18:41:27.666,"00000000-0000-0000-0000-000000000001",2023-01-11 18:41:27.666,"00000000-0000-0000-0000-000000000001",2
,"866fceaf-8d8b-4d7b-ae80-9934d71bb000",ResourceModel,"866fceaf-8d8b-4d7b-ae80-9934d71bb000",Blackstone Growth II L.P.,DEAL,b6becb93-4b72-4e45-9c12-e55508a29a1c.ddea4102-8ccc-4b58-b6e8-d706303b53c3.381dfb07-4385-49db-b80f-24865a535afa.866fceaf-8d8b-4d7b-ae80-9934d71bb000,b6becb93-4b72-4e45-9c12-e55508a29a1c,"381dfb07-4385-49db-b80f-24865a535afa",,,Active,2023-01-11 18:40:56.625,2023-01-11 18:40:56.625,"00000000-0000-0000-0000-000000000001",2025-08-19 07:26:22.077,ea40a4fe-ed6c-4d58-bdb1-9f033c893f4b,2
,c85e0804-624d-493d-9a01-1c0e56b82e8a,ResourceModel,c85e0804-624d-493d-9a01-1c0e56b82e8a,ICG Senior Debt V,DEAL,b6becb93-4b72-4e45-9c12-e55508a29a1c.ddea4102-8ccc-4b58-b6e8-d706303b53c3.f90cf6f9-ea5a-403c-b19b-d44701a887ae.c85e0804-624d-493d-9a01-1c0e56b82e8a,b6becb93-4b72-4e45-9c12-e55508a29a1c,f90cf6f9-ea5a-403c-b19b-d44701a887ae,,,Active,2023-01-11 19:50:22.586,2023-01-11 19:50:22.586,"00000000-0000-0000-0000-000000000001",2025-08-11 14:28:34.075,"6d95c757-c6e2-4bec-b7ce-4251b8becefb",10
,"2993dfc7-2b63-46bb-97a7-53b34f7c5c7f",ResourceModel,"2993dfc7-2b63-46bb-97a7-53b34f7c5c7f",ZZZMid Market LBO IV,DEAL,b6becb93-4b72-4e45-9c12-e55508a29a1c.ddea4102-8ccc-4b58-b6e8-d706303b53c3.381dfb07-4385-49db-b80f-24865a535afa.2993dfc7-2b63-46bb-97a7-53b34f7c5c7f,b6becb93-4b72-4e45-9c12-e55508a29a1c,"381dfb07-4385-49db-b80f-24865a535afa",,,Coming Soon,2023-01-11 18:19:28.382,2023-01-11 18:19:28.382,"00000000-0000-0000-0000-000000000001",2023-01-11 18:19:28.382,"00000000-0000-0000-0000-000000000001",4
,"8afeaec0-fbcf-479b-90e2-cc224e031aab",ResourceModel,"8afeaec0-fbcf-479b-90e2-cc224e031aab","CEP VI Dollar Feeder, S.C.Sp.",DEAL,b6becb93-4b72-4e45-9c12-e55508a29a1c.ddea4102-8ccc-4b58-b6e8-d706303b53c3.381dfb07-4385-49db-b80f-24865a535afa.8afeaec0-fbcf-479b-90e2-cc224e031aab,b6becb93-4b72-4e45-9c12-e55508a29a1c,"381dfb07-4385-49db-b80f-24865a535afa",,,Coming Soon,2023-01-11 18:35:43.869,2023-01-11 18:35:43.869,"00000000-0000-0000-0000-000000000001",2023-01-11 18:35:43.869,"00000000-0000-0000-0000-000000000001",4
,"78d7551c-6ce1-4e30-82dd-c5ab9514d38b",ResourceModel,"78d7551c-6ce1-4e30-82dd-c5ab9514d38b",Blue Owl OLF II (fka ORO II),DEAL,b6becb93-4b72-4e45-9c12-e55508a29a1c.ddea4102-8ccc-4b58-b6e8-d706303b53c3.f90cf6f9-ea5a-403c-b19b-d44701a887ae.78d7551c-6ce1-4e30-82dd-c5ab9514d38b,b6becb93-4b72-4e45-9c12-e55508a29a1c,f90cf6f9-ea5a-403c-b19b-d44701a887ae,,,Pending,2023-01-11 19:26:25.261,2023-01-11 19:26:25.261,"00000000-0000-0000-0000-000000000001",2023-01-11 19:26:25.261,"00000000-0000-0000-0000-000000000001",4
,"714d8d9c-9b01-4975-9f8c-8c40eb29df1f",ResourceModel,"714d8d9c-9b01-4975-9f8c-8c40eb29df1f",ZZZCVC Capital Partners Asia Pacific VI,DEAL,b6becb93-4b72-4e45-9c12-e55508a29a1c.ddea4102-8ccc-4b58-b6e8-d706303b53c3.381dfb07-4385-49db-b80f-24865a535afa.714d8d9c-9b01-4975-9f8c-8c40eb29df1f,b6becb93-4b72-4e45-9c12-e55508a29a1c,"381dfb07-4385-49db-b80f-24865a535afa",,,Coming Soon,2023-01-11 18:29:48.525,2023-01-11 18:29:48.525,"00000000-0000-0000-0000-000000000001",2023-01-11 18:29:48.525,"00000000-0000-0000-0000-000000000001",6
,"1517d9d6-e9cb-4619-894f-8b2df9582610",ResourceModel,"1517d9d6-e9cb-4619-894f-8b2df9582610","Ares Corporate Opportunities Fund VII, L.P.",DEAL,b6becb93-4b72-4e45-9c12-e55508a29a1c.ddea4102-8ccc-4b58-b6e8-d706303b53c3.381dfb07-4385-49db-b80f-24865a535afa.1517d9d6-e9cb-4619-894f-8b2df9582610,b6becb93-4b72-4e45-9c12-e55508a29a1c,"381dfb07-4385-49db-b80f-24865a535afa",,,Active,2023-03-17 15:30:30.144,2023-03-17 15:30:30.144,"00000000-0000-0000-0000-000000000001",2025-09-01 06:27:46.074,"6d95c757-c6e2-4bec-b7ce-4251b8becefb",8
,c833b79f-fb21-4390-a0fd-434c35360af8,ResourceModel,c833b79f-fb21-4390-a0fd-434c35360af8,KKR Capital Partners (Junior Debt),DEAL,b6becb93-4b72-4e45-9c12-e55508a29a1c.ddea4102-8ccc-4b58-b6e8-d706303b53c3.f90cf6f9-ea5a-403c-b19b-d44701a887ae.c833b79f-fb21-4390-a0fd-434c35360af8,b6becb93-4b72-4e45-9c12-e55508a29a1c,f90cf6f9-ea5a-403c-b19b-d44701a887ae,,,Coming Soon,2023-01-11 19:48:10.181,2023-01-11 19:48:10.181,"00000000-0000-0000-0000-000000000001",2023-01-11 19:48:10.181,"00000000-0000-0000-0000-000000000001",2
,e5d85ee7-e02e-42ed-b861-465c999b02ac,ResourceModel,e5d85ee7-e02e-42ed-b861-465c999b02ac,"West Street Loan Partners V Europe, SLP",DEAL,b6becb93-4b72-4e45-9c12-e55508a29a1c.ddea4102-8ccc-4b58-b6e8-d706303b53c3.f90cf6f9-ea5a-403c-b19b-d44701a887ae.e5d85ee7-e02e-42ed-b861-465c999b02ac,b6becb93-4b72-4e45-9c12-e55508a29a1c,f90cf6f9-ea5a-403c-b19b-d44701a887ae,,,Active,2023-01-11 19:47:14.256,2023-01-11 19:47:14.256,"00000000-0000-0000-0000-000000000001",2025-09-11 06:48:26.063,"6d95c757-c6e2-4bec-b7ce-4251b8becefb",8
,b1ca1a05-6e8c-45d3-b1fc-2a3286c35890,ResourceModel,b1ca1a05-6e8c-45d3-b1fc-2a3286c35890,"Bain Capital Asia Fund V, L.P.",DEAL,b6becb93-4b72-4e45-9c12-e55508a29a1c.ddea4102-8ccc-4b58-b6e8-d706303b53c3.381dfb07-4385-49db-b80f-24865a535afa.b1ca1a05-6e8c-45d3-b1fc-2a3286c35890,b6becb93-4b72-4e45-9c12-e55508a29a1c,"381dfb07-4385-49db-b80f-24865a535afa",,,Active,2023-01-11 18:11:37.213,2023-01-11 18:11:37.213,"00000000-0000-0000-0000-000000000001",2025-08-18 12:18:29.169,ea40a4fe-ed6c-4d58-bdb1-9f033c893f4b,12
,d7e4edd6-a105-440c-b6b0-7174790a09c0,ResourceModel,d7e4edd6-a105-440c-b6b0-7174790a09c0,"WCAS XIV, L.P.",DEAL,b6becb93-4b72-4e45-9c12-e55508a29a1c.ddea4102-8ccc-4b58-b6e8-d706303b53c3.381dfb07-4385-49db-b80f-24865a535afa.d7e4edd6-a105-440c-b6b0-7174790a09c0,b6becb93-4b72-4e45-9c12-e55508a29a1c,"381dfb07-4385-49db-b80f-24865a535afa",,,Active,2023-01-11 18:17:33.050,2023-01-11 18:17:33.050,"00000000-0000-0000-0000-000000000001",2025-08-14 06:23:54.049,"6d95c757-c6e2-4bec-b7ce-4251b8becefb",12
,ddd30da0-1595-4185-8371-60e2f7d8e0aa,ResourceModel,ddd30da0-1595-4185-8371-60e2f7d8e0aa,"Ares Pathfinder II (Offshore), L.P.",DEAL,b6becb93-4b72-4e45-9c12-e55508a29a1c.ddea4102-8ccc-4b58-b6e8-d706303b53c3.f90cf6f9-ea5a-403c-b19b-d44701a887ae.ddd30da0-1595-4185-8371-60e2f7d8e0aa,b6becb93-4b72-4e45-9c12-e55508a29a1c,f90cf6f9-ea5a-403c-b19b-d44701a887ae,,,Active,2023-01-11 19:18:56.265,2023-01-11 19:18:56.265,"00000000-0000-0000-0000-000000000001",2025-08-26 06:03:28.188,"6d95c757-c6e2-4bec-b7ce-4251b8becefb",10
,"90e881aa-d86e-4b54-b4bd-f3d8cb75dfb6",ResourceModel,"90e881aa-d86e-4b54-b4bd-f3d8cb75dfb6",Siris Partners V,DEAL,b6becb93-4b72-4e45-9c12-e55508a29a1c.ddea4102-8ccc-4b58-b6e8-d706303b53c3.381dfb07-4385-49db-b80f-24865a535afa.90e881aa-d86e-4b54-b4bd-f3d8cb75dfb6,b6becb93-4b72-4e45-9c12-e55508a29a1c,"381dfb07-4385-49db-b80f-24865a535afa",,,Coming Soon,2023-03-17 17:50:56.674,2023-03-17 17:50:56.674,"00000000-0000-0000-0000-000000000001",2023-03-17 17:50:57.179,"00000000-0000-0000-0000-000000000001",2
,"96a84165-f11a-4786-890f-5d6ac1370637",ResourceModel,"96a84165-f11a-4786-890f-5d6ac1370637",ZZZTCV XII,DEAL,b6becb93-4b72-4e45-9c12-e55508a29a1c.ddea4102-8ccc-4b58-b6e8-d706303b53c3.381dfb07-4385-49db-b80f-24865a535afa.96a84165-f11a-4786-890f-5d6ac1370637,b6becb93-4b72-4e45-9c12-e55508a29a1c,"381dfb07-4385-49db-b80f-24865a535afa",,,Coming Soon,2023-01-11 18:27:28.131,2023-01-11 18:27:28.131,"00000000-0000-0000-0000-000000000001",2023-01-11 18:27:28.131,"00000000-0000-0000-0000-000000000001",6
,"903b041e-0f1e-4fa5-bd5a-da1523fb9291",ResourceModel,"903b041e-0f1e-4fa5-bd5a-da1523fb9291",Monroe Capital Private Credit Fund V,DEAL,b6becb93-4b72-4e45-9c12-e55508a29a1c.ddea4102-8ccc-4b58-b6e8-d706303b53c3.f90cf6f9-ea5a-403c-b19b-d44701a887ae.903b041e-0f1e-4fa5-bd5a-da1523fb9291,b6becb93-4b72-4e45-9c12-e55508a29a1c,f90cf6f9-ea5a-403c-b19b-d44701a887ae,,,Coming Soon,2023-01-11 19:23:19.572,2023-01-11 19:23:19.572,"00000000-0000-0000-0000-000000000001",2025-08-18 09:45:19.080,"6d95c757-c6e2-4bec-b7ce-4251b8becefb",3
,"1196b91f-8722-41a5-b70d-6ab5111c3e01",ResourceModel,"1196b91f-8722-41a5-b70d-6ab5111c3e01",GIP Capital Solutions  III,DEAL,b6becb93-4b72-4e45-9c12-e55508a29a1c.ddea4102-8ccc-4b58-b6e8-d706303b53c3.f90cf6f9-ea5a-403c-b19b-d44701a887ae.1196b91f-8722-41a5-b70d-6ab5111c3e01,b6becb93-4b72-4e45-9c12-e55508a29a1c,f90cf6f9-ea5a-403c-b19b-d44701a887ae,,,Coming Soon,2023-01-11 19:18:22.919,2023-01-11 19:18:22.919,"00000000-0000-0000-0000-000000000001",2023-01-11 19:18:22.919,"00000000-0000-0000-0000-000000000001",2
,"7b59ecfc-26bb-4eba-8907-1b0a54fd50ba",ResourceModel,"7b59ecfc-26bb-4eba-8907-1b0a54fd50ba",Barings NAPLF III,DEAL,b6becb93-4b72-4e45-9c12-e55508a29a1c.ddea4102-8ccc-4b58-b6e8-d706303b53c3.f90cf6f9-ea5a-403c-b19b-d44701a887ae.7b59ecfc-26bb-4eba-8907-1b0a54fd50ba,b6becb93-4b72-4e45-9c12-e55508a29a1c,f90cf6f9-ea5a-403c-b19b-d44701a887ae,,,Coming Soon,2023-01-11 19:17:42.643,2023-01-11 19:17:42.643,"00000000-0000-0000-0000-000000000001",2023-01-11 19:17:42.643,"00000000-0000-0000-0000-000000000001",2
,"9c8d7d74-1414-4fed-8ae4-c9b0397ed95a",ResourceModel,"9c8d7d74-1414-4fed-8ae4-c9b0397ed95a",ZZZVeritas VIII,DEAL,b6becb93-4b72-4e45-9c12-e55508a29a1c.ddea4102-8ccc-4b58-b6e8-d706303b53c3.381dfb07-4385-49db-b80f-24865a535afa.9c8d7d74-1414-4fed-8ae4-c9b0397ed95a,b6becb93-4b72-4e45-9c12-e55508a29a1c,"381dfb07-4385-49db-b80f-24865a535afa",,,Coming Soon,2023-01-11 18:41:55.888,2023-01-11 18:41:55.888,"00000000-0000-0000-0000-000000000001",2023-01-11 18:41:55.888,"00000000-0000-0000-0000-000000000001",6
,f30f8f78-dc26-45b9-8b6c-bd48070f9824,ResourceModel,f30f8f78-dc26-45b9-8b6c-bd48070f9824,ZZZThoma Bravo Discover IV,DEAL,b6becb93-4b72-4e45-9c12-e55508a29a1c.ddea4102-8ccc-4b58-b6e8-d706303b53c3.381dfb07-4385-49db-b80f-24865a535afa.f30f8f78-dc26-45b9-8b6c-bd48070f9824,b6becb93-4b72-4e45-9c12-e55508a29a1c,"381dfb07-4385-49db-b80f-24865a535afa",,,Coming Soon,2023-01-11 18:28:19.190,2023-01-11 18:28:19.190,"00000000-0000-0000-0000-000000000001",2023-01-11 18:28:19.190,"00000000-0000-0000-0000-000000000001",6
,"569280b5-24c7-40f1-b87e-e576332eeb3b",ResourceModel,"569280b5-24c7-40f1-b87e-e576332eeb3b",ZZZ1,DEAL,b6becb93-4b72-4e45-9c12-e55508a29a1c.ddea4102-8ccc-4b58-b6e8-d706303b53c3.381dfb07-4385-49db-b80f-24865a535afa.569280b5-24c7-40f1-b87e-e576332eeb3b,b6becb93-4b72-4e45-9c12-e55508a29a1c,"381dfb07-4385-49db-b80f-24865a535afa",,,Inactive,2023-01-11 18:26:18.182,2023-01-11 18:26:18.182,"00000000-0000-0000-0000-000000000001",2023-01-11 18:26:18.182,"00000000-0000-0000-0000-000000000001",2
,"44603170-4791-490c-8d69-eded6ada3135",ResourceModel,"44603170-4791-490c-8d69-eded6ada3135","THL Parallel Fund X, L.P._24PE50",DEAL,b6becb93-4b72-4e45-9c12-e55508a29a1c.361483bd-8ea3-425a-80c6-18db9e71972e.b18f2c23-8681-4b08-a7b4-509d170ca9ed.44603170-4791-490c-8d69-eded6ada3135,b6becb93-4b72-4e45-9c12-e55508a29a1c,b6becb93-4b72-4e45-9c12-e55508a29a1c,c2cec638-997d-4798-a885-c453275914dd,"",Active,2024-11-13 20:28:12.069,2024-11-13 20:28:12.069,"5fa72f32-1ffa-4815-bc55-979ee67dec76",2024-12-31 20:04:28.110,"5fa72f32-1ffa-4815-bc55-979ee67dec76",6
,"30a0e9eb-c881-4974-8153-a2e4b6cd0c14",ResourceModel,"30a0e9eb-c881-4974-8153-a2e4b6cd0c14",CVC Capital Partners Strategic Opportunities III_24PE50,DEAL,b6becb93-4b72-4e45-9c12-e55508a29a1c.361483bd-8ea3-425a-80c6-18db9e71972e.b18f2c23-8681-4b08-a7b4-509d170ca9ed.30a0e9eb-c881-4974-8153-a2e4b6cd0c14,b6becb93-4b72-4e45-9c12-e55508a29a1c,b6becb93-4b72-4e45-9c12-e55508a29a1c,c2cec638-997d-4798-a885-c453275914dd,"",Coming Soon,2024-11-13 20:29:15.062,2024-11-13 20:29:15.062,"5fa72f32-1ffa-4815-bc55-979ee67dec76",2024-12-31 18:45:44.091,"5fa72f32-1ffa-4815-bc55-979ee67dec76",7
,"808b6315-12fd-48ab-bcaa-7a26d762c0ae",ResourceModel,"808b6315-12fd-48ab-bcaa-7a26d762c0ae",Montagu VII (A) SCSp_24PE50,DEAL,b6becb93-4b72-4e45-9c12-e55508a29a1c.361483bd-8ea3-425a-80c6-18db9e71972e.b18f2c23-8681-4b08-a7b4-509d170ca9ed.808b6315-12fd-48ab-bcaa-7a26d762c0ae,b6becb93-4b72-4e45-9c12-e55508a29a1c,b6becb93-4b72-4e45-9c12-e55508a29a1c,c2cec638-997d-4798-a885-c453275914dd,"",Active,2024-11-13 20:28:48.075,2024-11-13 20:28:48.075,"5fa72f32-1ffa-4815-bc55-979ee67dec76",2024-12-31 19:34:07.174,"5fa72f32-1ffa-4815-bc55-979ee67dec76",6
,"255e07a5-df57-45f9-b3b7-420fc7b84a27",ResourceModel,"255e07a5-df57-45f9-b3b7-420fc7b84a27","TPG Rise Climate II, L.P._24PE50",DEAL,b6becb93-4b72-4e45-9c12-e55508a29a1c.361483bd-8ea3-425a-80c6-18db9e71972e.b18f2c23-8681-4b08-a7b4-509d170ca9ed.255e07a5-df57-45f9-b3b7-420fc7b84a27,b6becb93-4b72-4e45-9c12-e55508a29a1c,b6becb93-4b72-4e45-9c12-e55508a29a1c,c2cec638-997d-4798-a885-c453275914dd,"",Pending,2024-11-13 20:28:52.056,2024-11-13 20:28:52.056,"5fa72f32-1ffa-4815-bc55-979ee67dec76",2025-08-13 06:22:18.124,"6d95c757-c6e2-4bec-b7ce-4251b8becefb",8
,b1477ae4-9ffa-487a-91e1-ff6df915ad05,ResourceModel,b1477ae4-9ffa-487a-91e1-ff6df915ad05,"Ares Corporate Opportunities Fund VII, L.P._24PE50",DEAL,b6becb93-4b72-4e45-9c12-e55508a29a1c.361483bd-8ea3-425a-80c6-18db9e71972e.b18f2c23-8681-4b08-a7b4-509d170ca9ed.b1477ae4-9ffa-487a-91e1-ff6df915ad05,b6becb93-4b72-4e45-9c12-e55508a29a1c,b6becb93-4b72-4e45-9c12-e55508a29a1c,c2cec638-997d-4798-a885-c453275914dd,"",Active,2024-11-13 20:29:07.069,2024-11-13 20:29:07.069,"5fa72f32-1ffa-4815-bc55-979ee67dec76",2025-09-01 06:26:50.076,"6d95c757-c6e2-4bec-b7ce-4251b8becefb",7
,e7e11c28-10e3-454d-8d18-f751c4702019,ResourceModel,e7e11c28-10e3-454d-8d18-f751c4702019,"L Catterton Fund X, L.P._24PE50",DEAL,b6becb93-4b72-4e45-9c12-e55508a29a1c.361483bd-8ea3-425a-80c6-18db9e71972e.b18f2c23-8681-4b08-a7b4-509d170ca9ed.e7e11c28-10e3-454d-8d18-f751c4702019,b6becb93-4b72-4e45-9c12-e55508a29a1c,b6becb93-4b72-4e45-9c12-e55508a29a1c,c2cec638-997d-4798-a885-c453275914dd,"",Pending,2024-11-13 20:30:34.053,2024-11-13 20:30:34.053,"5fa72f32-1ffa-4815-bc55-979ee67dec76",2025-08-14 06:07:15.086,"6d95c757-c6e2-4bec-b7ce-4251b8becefb",10
,"4049c6fe-7788-4c82-b0b2-2dd9cdd0faef",ResourceModel,"4049c6fe-7788-4c82-b0b2-2dd9cdd0faef",Hg Saturn 4 A L.P._24PE50,DEAL,b6becb93-4b72-4e45-9c12-e55508a29a1c.361483bd-8ea3-425a-80c6-18db9e71972e.b18f2c23-8681-4b08-a7b4-509d170ca9ed.4049c6fe-7788-4c82-b0b2-2dd9cdd0faef,b6becb93-4b72-4e45-9c12-e55508a29a1c,b6becb93-4b72-4e45-9c12-e55508a29a1c,c2cec638-997d-4798-a885-c453275914dd,"",Active,2024-11-13 20:29:35.055,2024-11-13 20:29:35.055,"5fa72f32-1ffa-4815-bc55-979ee67dec76",2025-08-13 08:50:10.073,"6d95c757-c6e2-4bec-b7ce-4251b8becefb",8
,"721df2c3-6d3f-42c8-8fbe-d037557dd199",ResourceModel,"721df2c3-6d3f-42c8-8fbe-d037557dd199","Searchlight Capital IV, L.P._24PE50",DEAL,b6becb93-4b72-4e45-9c12-e55508a29a1c.361483bd-8ea3-425a-80c6-18db9e71972e.b18f2c23-8681-4b08-a7b4-509d170ca9ed.721df2c3-6d3f-42c8-8fbe-d037557dd199,b6becb93-4b72-4e45-9c12-e55508a29a1c,b6becb93-4b72-4e45-9c12-e55508a29a1c,c2cec638-997d-4798-a885-c453275914dd,"",Active,2024-11-13 20:30:14.062,2024-11-13 20:30:14.062,"5fa72f32-1ffa-4815-bc55-979ee67dec76",2025-08-20 11:44:45.118,ea40a4fe-ed6c-4d58-bdb1-9f033c893f4b,8
,"60900aae-98c1-4da4-b542-e69de5b5c133",ResourceModel,"60900aae-98c1-4da4-b542-e69de5b5c133","Linden Fund VI, LP_24PE50",DEAL,b6becb93-4b72-4e45-9c12-e55508a29a1c.361483bd-8ea3-425a-80c6-18db9e71972e.b18f2c23-8681-4b08-a7b4-509d170ca9ed.60900aae-98c1-4da4-b542-e69de5b5c133,b6becb93-4b72-4e45-9c12-e55508a29a1c,b6becb93-4b72-4e45-9c12-e55508a29a1c,c2cec638-997d-4798-a885-c453275914dd,"",Active,2024-11-13 20:30:22.056,2024-11-13 20:30:22.056,"5fa72f32-1ffa-4815-bc55-979ee67dec76",2024-12-31 19:24:34.342,"5fa72f32-1ffa-4815-bc55-979ee67dec76",6
,"08bff6c4-a32c-4c46-8e2d-ec18238245fc",ResourceModel,"08bff6c4-a32c-4c46-8e2d-ec18238245fc",Oaktree Opportunities Fund XII LP_24PE50,DEAL,b6becb93-4b72-4e45-9c12-e55508a29a1c.361483bd-8ea3-425a-80c6-18db9e71972e.b18f2c23-8681-4b08-a7b4-509d170ca9ed.08bff6c4-a32c-4c46-8e2d-ec18238245fc,b6becb93-4b72-4e45-9c12-e55508a29a1c,b6becb93-4b72-4e45-9c12-e55508a29a1c,c2cec638-997d-4798-a885-c453275914dd,"",Pending,2024-11-13 20:30:50.065,2024-11-13 20:30:50.065,"5fa72f32-1ffa-4815-bc55-979ee67dec76",2025-08-04 06:47:57.113,"6d95c757-c6e2-4bec-b7ce-4251b8becefb",8
,"02236b12-77bc-4746-9329-16d48e9b2179",ResourceModel,"02236b12-77bc-4746-9329-16d48e9b2179","Oaktree Real Estate Debt Fund IV, L.P.",DEAL,b6becb93-4b72-4e45-9c12-e55508a29a1c.ddea4102-8ccc-4b58-b6e8-d706303b53c3.f90cf6f9-ea5a-403c-b19b-d44701a887ae.02236b12-77bc-4746-9329-16d48e9b2179,b6becb93-4b72-4e45-9c12-e55508a29a1c,f90cf6f9-ea5a-403c-b19b-d44701a887ae,,,Active,2023-01-11 19:41:04.232,2023-01-11 19:41:04.232,"00000000-0000-0000-0000-000000000001",2025-08-04 09:29:57.111,"6d95c757-c6e2-4bec-b7ce-4251b8becefb",13
,"0588c8b5-f770-4872-ad41-3f691713cf3b",ResourceModel,"0588c8b5-f770-4872-ad41-3f691713cf3b","TPG AG Credit Solutions Fund III, L.P._24PE50",DEAL,b6becb93-4b72-4e45-9c12-e55508a29a1c.361483bd-8ea3-425a-80c6-18db9e71972e.b18f2c23-8681-4b08-a7b4-509d170ca9ed.0588c8b5-f770-4872-ad41-3f691713cf3b,b6becb93-4b72-4e45-9c12-e55508a29a1c,b6becb93-4b72-4e45-9c12-e55508a29a1c,c2cec638-997d-4798-a885-c453275914dd,"",Active,2024-11-13 20:29:58.064,2024-11-13 20:29:58.064,"5fa72f32-1ffa-4815-bc55-979ee67dec76",2025-08-26 05:28:21.092,"6d95c757-c6e2-4bec-b7ce-4251b8becefb",10
,"7f06b942-8307-4005-8b78-51de68c225d9",ResourceModel,"7f06b942-8307-4005-8b78-51de68c225d9","West Street Capital Partners IX, L.P._24PE50",DEAL,b6becb93-4b72-4e45-9c12-e55508a29a1c.361483bd-8ea3-425a-80c6-18db9e71972e.b18f2c23-8681-4b08-a7b4-509d170ca9ed.7f06b942-8307-4005-8b78-51de68c225d9,b6becb93-4b72-4e45-9c12-e55508a29a1c,b6becb93-4b72-4e45-9c12-e55508a29a1c,c2cec638-997d-4798-a885-c453275914dd,"",Pending,2024-11-13 20:31:02.061,2024-11-13 20:31:02.061,"5fa72f32-1ffa-4815-bc55-979ee67dec76",2025-09-01 07:16:50.053,"6d95c757-c6e2-4bec-b7ce-4251b8becefb",8
,"284078ac-29df-43ba-9af8-8787fa921a9e",ResourceModel,"284078ac-29df-43ba-9af8-8787fa921a9e","Trident X US Fund, LP_24PE50",DEAL,b6becb93-4b72-4e45-9c12-e55508a29a1c.361483bd-8ea3-425a-80c6-18db9e71972e.b18f2c23-8681-4b08-a7b4-509d170ca9ed.284078ac-29df-43ba-9af8-8787fa921a9e,b6becb93-4b72-4e45-9c12-e55508a29a1c,b6becb93-4b72-4e45-9c12-e55508a29a1c,c2cec638-997d-4798-a885-c453275914dd,"",Active,2024-11-13 20:29:54.056,2024-11-13 20:29:54.056,"5fa72f32-1ffa-4815-bc55-979ee67dec76",2024-12-31 20:10:41.179,"5fa72f32-1ffa-4815-bc55-979ee67dec76",7
,cd48ccff-e669-4a13-ad78-5497f5372ef0,ResourceModel,cd48ccff-e669-4a13-ad78-5497f5372ef0,"Insight Partners XIII, L.P._24PE50",DEAL,b6becb93-4b72-4e45-9c12-e55508a29a1c.361483bd-8ea3-425a-80c6-18db9e71972e.b18f2c23-8681-4b08-a7b4-509d170ca9ed.cd48ccff-e669-4a13-ad78-5497f5372ef0,b6becb93-4b72-4e45-9c12-e55508a29a1c,b6becb93-4b72-4e45-9c12-e55508a29a1c,c2cec638-997d-4798-a885-c453275914dd,"",Active,2024-11-13 20:30:02.078,2024-11-13 20:30:02.078,"5fa72f32-1ffa-4815-bc55-979ee67dec76",2024-12-31 19:02:38.098,"5fa72f32-1ffa-4815-bc55-979ee67dec76",8
,"8225dcf8-3f4d-4190-874e-c0852a8e5cba",ResourceModel,"8225dcf8-3f4d-4190-874e-c0852a8e5cba","Apollo Investment Fund X, L.P.",DEAL,b6becb93-4b72-4e45-9c12-e55508a29a1c.ddea4102-8ccc-4b58-b6e8-d706303b53c3.381dfb07-4385-49db-b80f-24865a535afa.8225dcf8-3f4d-4190-874e-c0852a8e5cba,b6becb93-4b72-4e45-9c12-e55508a29a1c,"381dfb07-4385-49db-b80f-24865a535afa",,,Active,2023-01-11 18:55:11.866,2023-01-11 18:55:11.866,"00000000-0000-0000-0000-000000000001",2025-08-12 13:20:04.074,"6d95c757-c6e2-4bec-b7ce-4251b8becefb",20
,"182a4475-19dc-420b-819c-6c7f21466ae7",ResourceModel,"182a4475-19dc-420b-819c-6c7f21466ae7",Investindustrial VIII SCSp_24PE50,DEAL,b6becb93-4b72-4e45-9c12-e55508a29a1c.361483bd-8ea3-425a-80c6-18db9e71972e.b18f2c23-8681-4b08-a7b4-509d170ca9ed.182a4475-19dc-420b-819c-6c7f21466ae7,b6becb93-4b72-4e45-9c12-e55508a29a1c,b6becb93-4b72-4e45-9c12-e55508a29a1c,c2cec638-997d-4798-a885-c453275914dd,"",Active,2024-11-13 20:28:44.059,2024-11-13 20:28:44.059,"5fa72f32-1ffa-4815-bc55-979ee67dec76",2025-08-18 07:07:07.198,"6d95c757-c6e2-4bec-b7ce-4251b8becefb",14
,ca4c2acc-b01f-476c-a1b6-5a02f468a8ca,ResourceModel,ca4c2acc-b01f-476c-a1b6-5a02f468a8ca,"One Rock Capital Partners IV, LP_24PE50",DEAL,b6becb93-4b72-4e45-9c12-e55508a29a1c.361483bd-8ea3-425a-80c6-18db9e71972e.b18f2c23-8681-4b08-a7b4-509d170ca9ed.ca4c2acc-b01f-476c-a1b6-5a02f468a8ca,b6becb93-4b72-4e45-9c12-e55508a29a1c,b6becb93-4b72-4e45-9c12-e55508a29a1c,c2cec638-997d-4798-a885-c453275914dd,"",Active,2024-11-13 20:31:10.066,2024-11-13 20:31:10.066,"5fa72f32-1ffa-4815-bc55-979ee67dec76",2025-08-18 13:36:38.054,ea40a4fe-ed6c-4d58-bdb1-9f033c893f4b,10
,"40e10529-d01d-4713-a2c5-fb1a5ed7ed2b",ResourceModel,"40e10529-d01d-4713-a2c5-fb1a5ed7ed2b","Oaktree Opportunities Fund XII, L.P.",DEAL,b6becb93-4b72-4e45-9c12-e55508a29a1c.ddea4102-8ccc-4b58-b6e8-d706303b53c3.381dfb07-4385-49db-b80f-24865a535afa.40e10529-d01d-4713-a2c5-fb1a5ed7ed2b,b6becb93-4b72-4e45-9c12-e55508a29a1c,"381dfb07-4385-49db-b80f-24865a535afa",,,Active,2023-02-08 20:00:34.255,2023-02-08 20:00:34.255,"00000000-0000-0000-0000-000000000001",2025-08-04 06:24:09.191,"6d95c757-c6e2-4bec-b7ce-4251b8becefb",6
,"0e54c518-a3ab-46a7-930a-4f377d2851cf",ResourceModel,"0e54c518-a3ab-46a7-930a-4f377d2851cf",TPG Growth Fund VI,DEAL,b6becb93-4b72-4e45-9c12-e55508a29a1c.ddea4102-8ccc-4b58-b6e8-d706303b53c3.381dfb07-4385-49db-b80f-24865a535afa.0e54c518-a3ab-46a7-930a-4f377d2851cf,b6becb93-4b72-4e45-9c12-e55508a29a1c,"381dfb07-4385-49db-b80f-24865a535afa",,,Coming Soon,2023-01-11 18:40:17.162,2023-01-11 18:40:17.162,"00000000-0000-0000-0000-000000000001",2025-08-12 05:39:03.086,"6d95c757-c6e2-4bec-b7ce-4251b8becefb",9
,"98cb8a0d-5eeb-4810-abee-29398c48ad62",ResourceModel,"98cb8a0d-5eeb-4810-abee-29398c48ad62",Fortress Credit Opportunities Fund VI (A) LP_24PE50,DEAL,b6becb93-4b72-4e45-9c12-e55508a29a1c.361483bd-8ea3-425a-80c6-18db9e71972e.b18f2c23-8681-4b08-a7b4-509d170ca9ed.98cb8a0d-5eeb-4810-abee-29398c48ad62,b6becb93-4b72-4e45-9c12-e55508a29a1c,b6becb93-4b72-4e45-9c12-e55508a29a1c,c2cec638-997d-4798-a885-c453275914dd,"",Pending,2024-11-13 20:29:39.053,2024-11-13 20:29:39.053,"5fa72f32-1ffa-4815-bc55-979ee67dec76",2025-09-01 06:51:01.045,"6d95c757-c6e2-4bec-b7ce-4251b8becefb",10
,"8c1286a8-63b6-4b06-a4c1-fe0b7be54778",ResourceModel,"8c1286a8-63b6-4b06-a4c1-fe0b7be54778","NewVest PE50 2024 Aggregator, LP",DEAL,b6becb93-4b72-4e45-9c12-e55508a29a1c.361483bd-8ea3-425a-80c6-18db9e71972e.8c1286a8-63b6-4b06-a4c1-fe0b7be54778,b6becb93-4b72-4e45-9c12-e55508a29a1c,"361483bd-8ea3-425a-80c6-18db9e71972e",c2cec638-997d-4798-a885-c453275914dd,"NewVest PE50 2024 Aggregator, LP",Active,2024-12-28 03:59:44.820,2024-12-28 03:59:44.820,"5fa72f32-1ffa-4815-bc55-979ee67dec76",2024-12-28 04:00:44.095,"5fa72f32-1ffa-4815-bc55-979ee67dec76",5
,"5e89c147-399d-4c52-9392-57ffd2569b58",ResourceModel,"5e89c147-399d-4c52-9392-57ffd2569b58",Providence Equity Partners IX-A S.C.SP.,DEAL,b6becb93-4b72-4e45-9c12-e55508a29a1c.ddea4102-8ccc-4b58-b6e8-d706303b53c3.381dfb07-4385-49db-b80f-24865a535afa.5e89c147-399d-4c52-9392-57ffd2569b58,b6becb93-4b72-4e45-9c12-e55508a29a1c,"381dfb07-4385-49db-b80f-24865a535afa",,,Active,2023-01-11 18:33:04.180,2023-01-11 18:33:04.180,"00000000-0000-0000-0000-000000000001",2025-08-18 07:05:28.240,"6d95c757-c6e2-4bec-b7ce-4251b8becefb",29
,"888417de-9c9a-4514-ab16-52d7f3e27595",ResourceModel,"888417de-9c9a-4514-ab16-52d7f3e27595",IK X Fund No.1 SCSp,DEAL,b6becb93-4b72-4e45-9c12-e55508a29a1c.ddea4102-8ccc-4b58-b6e8-d706303b53c3.381dfb07-4385-49db-b80f-24865a535afa.888417de-9c9a-4514-ab16-52d7f3e27595,b6becb93-4b72-4e45-9c12-e55508a29a1c,"381dfb07-4385-49db-b80f-24865a535afa",,,Active,2023-02-09 19:23:07.547,2023-02-09 19:23:07.547,"00000000-0000-0000-0000-000000000001",2025-08-18 09:59:47.095,"6d95c757-c6e2-4bec-b7ce-4251b8becefb",14
,"5901ee59-2e6d-4b55-99ea-3f8a3f178150",ResourceModel,"5901ee59-2e6d-4b55-99ea-3f8a3f178150",Genstar Capital Partners XI,DEAL,b6becb93-4b72-4e45-9c12-e55508a29a1c.ddea4102-8ccc-4b58-b6e8-d706303b53c3.381dfb07-4385-49db-b80f-24865a535afa.5901ee59-2e6d-4b55-99ea-3f8a3f178150,b6becb93-4b72-4e45-9c12-e55508a29a1c,"381dfb07-4385-49db-b80f-24865a535afa",,,Active,2023-02-09 16:13:08.458,2023-02-09 16:13:08.458,"00000000-0000-0000-0000-000000000001",2025-08-18 12:12:39.078,ea40a4fe-ed6c-4d58-bdb1-9f033c893f4b,12
,"073c6706-65e5-46bb-9b2b-41a9f974f073",ResourceModel,"073c6706-65e5-46bb-9b2b-41a9f974f073","Bain Capital Europe Fund VI, SCSp",DEAL,b6becb93-4b72-4e45-9c12-e55508a29a1c.ddea4102-8ccc-4b58-b6e8-d706303b53c3.381dfb07-4385-49db-b80f-24865a535afa.073c6706-65e5-46bb-9b2b-41a9f974f073,b6becb93-4b72-4e45-9c12-e55508a29a1c,"381dfb07-4385-49db-b80f-24865a535afa",,,Active,2023-01-11 18:33:32.883,2023-01-11 18:33:32.883,"00000000-0000-0000-0000-000000000001",2025-08-18 13:00:42.149,ea40a4fe-ed6c-4d58-bdb1-9f033c893f4b,12
,"8a3769cc-7b7e-4a06-96dd-442a77d3d04d",ResourceModel,"8a3769cc-7b7e-4a06-96dd-442a77d3d04d",NB Private Debt Fund V (A) LP,DEAL,b6becb93-4b72-4e45-9c12-e55508a29a1c.ddea4102-8ccc-4b58-b6e8-d706303b53c3.f90cf6f9-ea5a-403c-b19b-d44701a887ae.8a3769cc-7b7e-4a06-96dd-442a77d3d04d,b6becb93-4b72-4e45-9c12-e55508a29a1c,f90cf6f9-ea5a-403c-b19b-d44701a887ae,,,Active,2023-01-11 19:21:32.801,2023-01-11 19:21:32.801,"00000000-0000-0000-0000-000000000001",2025-09-29 05:54:03.149,ea40a4fe-ed6c-4d58-bdb1-9f033c893f4b,14
,d291b857-b24c-4d28-8a4d-05b4a2cb7fe2,ResourceModel,d291b857-b24c-4d28-8a4d-05b4a2cb7fe2,"Olympus Growth Fund VIII, L.P._24PE50",DEAL,b6becb93-4b72-4e45-9c12-e55508a29a1c.361483bd-8ea3-425a-80c6-18db9e71972e.b18f2c23-8681-4b08-a7b4-509d170ca9ed.d291b857-b24c-4d28-8a4d-05b4a2cb7fe2,b6becb93-4b72-4e45-9c12-e55508a29a1c,b6becb93-4b72-4e45-9c12-e55508a29a1c,c2cec638-997d-4798-a885-c453275914dd,"",Active,2024-11-13 20:30:42.061,2024-11-13 20:30:42.061,"5fa72f32-1ffa-4815-bc55-979ee67dec76",2025-09-30 05:10:37.178,ea40a4fe-ed6c-4d58-bdb1-9f033c893f4b,7
,"6643a032-0421-438d-986b-e777c766858c",ResourceModel,"6643a032-0421-438d-986b-e777c766858c","Apax XI USD, L.P.",DEAL,b6becb93-4b72-4e45-9c12-e55508a29a1c.ddea4102-8ccc-4b58-b6e8-d706303b53c3.381dfb07-4385-49db-b80f-24865a535afa.6643a032-0421-438d-986b-e777c766858c,b6becb93-4b72-4e45-9c12-e55508a29a1c,"381dfb07-4385-49db-b80f-24865a535afa",,,Active,2023-01-11 18:49:18.118,2023-01-11 18:49:18.118,"00000000-0000-0000-0000-000000000001",2025-08-04 06:21:04.043,"6d95c757-c6e2-4bec-b7ce-4251b8becefb",14
,"95fba225-4260-469f-97fa-428227e6f62b",ResourceModel,"95fba225-4260-469f-97fa-428227e6f62b",Bridgepoint Europe VII A LP,DEAL,b6becb93-4b72-4e45-9c12-e55508a29a1c.ddea4102-8ccc-4b58-b6e8-d706303b53c3.381dfb07-4385-49db-b80f-24865a535afa.95fba225-4260-469f-97fa-428227e6f62b,b6becb93-4b72-4e45-9c12-e55508a29a1c,"381dfb07-4385-49db-b80f-24865a535afa",,,Active,2023-01-11 18:37:39.182,2023-01-11 18:37:39.182,"00000000-0000-0000-0000-000000000001",2025-09-05 08:29:32.137,"6d95c757-c6e2-4bec-b7ce-4251b8becefb",17
,c4e90862-10b4-46fe-bf7e-0a00ae22dbbb,ResourceModel,c4e90862-10b4-46fe-bf7e-0a00ae22dbbb,WIP Documents,DEAL,b6becb93-4b72-4e45-9c12-e55508a29a1c.a808eec8-962d-4094-b8b0-6f2d83627574.c4e90862-10b4-46fe-bf7e-0a00ae22dbbb,b6becb93-4b72-4e45-9c12-e55508a29a1c,a808eec8-962d-4094-b8b0-6f2d83627574,c2cec638-997d-4798-a885-c453275914dd,"",Coming Soon,2025-06-30 17:22:17.470,2025-06-30 17:22:17.470,"94c61d8b-51cc-4305-bc62-1e36858b2491",2025-07-31 13:45:49.047,"94c61d8b-51cc-4305-bc62-1e36858b2491",5
,c3344344-d3db-401e-a7db-74e4fbcd04d3,ResourceModel,c3344344-d3db-401e-a7db-74e4fbcd04d3,Lindsay Goldberg VI-PCF L.P._24PE50,DEAL,b6becb93-4b72-4e45-9c12-e55508a29a1c.361483bd-8ea3-425a-80c6-18db9e71972e.b18f2c23-8681-4b08-a7b4-509d170ca9ed.c3344344-d3db-401e-a7db-74e4fbcd04d3,b6becb93-4b72-4e45-9c12-e55508a29a1c,b6becb93-4b72-4e45-9c12-e55508a29a1c,c2cec638-997d-4798-a885-c453275914dd,"",Active,2024-11-13 20:29:50.063,2024-11-13 20:29:50.063,"5fa72f32-1ffa-4815-bc55-979ee67dec76",2025-08-18 14:10:04.134,ea40a4fe-ed6c-4d58-bdb1-9f033c893f4b,9
,"8cdc441f-0ff3-4e4c-8adb-a29637bd3721",ResourceModel,"8cdc441f-0ff3-4e4c-8adb-a29637bd3721",wip-inbound,DEAL,b6becb93-4b72-4e45-9c12-e55508a29a1c.a808eec8-962d-4094-b8b0-6f2d83627574.8cdc441f-0ff3-4e4c-8adb-a29637bd3721,b6becb93-4b72-4e45-9c12-e55508a29a1c,a808eec8-962d-4094-b8b0-6f2d83627574,c2cec638-997d-4798-a885-c453275914dd,"",Coming Soon,2025-07-01 00:43:53.535,2025-07-01 00:43:53.535,"94c61d8b-51cc-4305-bc62-1e36858b2491",2025-07-01 03:05:49.064,"94c61d8b-51cc-4305-bc62-1e36858b2491",5
,e397934f-97b3-4940-a6d3-06b6de07d3d2,ResourceModel,e397934f-97b3-4940-a6d3-06b6de07d3d2,Eighth Cinven Fund (NO.1) Limited Partnership,DEAL,b6becb93-4b72-4e45-9c12-e55508a29a1c.ddea4102-8ccc-4b58-b6e8-d706303b53c3.381dfb07-4385-49db-b80f-24865a535afa.e397934f-97b3-4940-a6d3-06b6de07d3d2,b6becb93-4b72-4e45-9c12-e55508a29a1c,"381dfb07-4385-49db-b80f-24865a535afa",,,Active,2023-01-11 18:49:45.513,2023-01-11 18:49:45.513,"00000000-0000-0000-0000-000000000001",2025-09-01 06:37:46.082,"6d95c757-c6e2-4bec-b7ce-4251b8becefb",12
,"7a496915-7947-457c-bb3d-794f81096c24",ResourceModel,"7a496915-7947-457c-bb3d-794f81096c24","Vista Foundation Fund V, L.P._24PE50",DEAL,b6becb93-4b72-4e45-9c12-e55508a29a1c.361483bd-8ea3-425a-80c6-18db9e71972e.b18f2c23-8681-4b08-a7b4-509d170ca9ed.7a496915-7947-457c-bb3d-794f81096c24,b6becb93-4b72-4e45-9c12-e55508a29a1c,b6becb93-4b72-4e45-9c12-e55508a29a1c,c2cec638-997d-4798-a885-c453275914dd,"",Active,2024-11-13 20:28:16.064,2024-11-13 20:28:16.064,"5fa72f32-1ffa-4815-bc55-979ee67dec76",2025-08-19 06:57:01.095,"6d95c757-c6e2-4bec-b7ce-4251b8becefb",9
,dea5cbca-371f-482e-a795-9ca3727a7a1f,ResourceModel,dea5cbca-371f-482e-a795-9ca3727a7a1f,Blackrock European Direct Lending IV,DEAL,b6becb93-4b72-4e45-9c12-e55508a29a1c.ddea4102-8ccc-4b58-b6e8-d706303b53c3.f90cf6f9-ea5a-403c-b19b-d44701a887ae.dea5cbca-371f-482e-a795-9ca3727a7a1f,b6becb93-4b72-4e45-9c12-e55508a29a1c,f90cf6f9-ea5a-403c-b19b-d44701a887ae,,,Active,2023-01-11 19:55:23.887,2023-01-11 19:55:23.887,"00000000-0000-0000-0000-000000000001",2025-09-08 06:20:13.106,"6d95c757-c6e2-4bec-b7ce-4251b8becefb",8
,a865b97a-8a21-43d5-9b5b-0d4582ce5a89,ResourceModel,a865b97a-8a21-43d5-9b5b-0d4582ce5a89,AEA Investors Fund VIII LP,DEAL,b6becb93-4b72-4e45-9c12-e55508a29a1c.ddea4102-8ccc-4b58-b6e8-d706303b53c3.381dfb07-4385-49db-b80f-24865a535afa.a865b97a-8a21-43d5-9b5b-0d4582ce5a89,b6becb93-4b72-4e45-9c12-e55508a29a1c,"381dfb07-4385-49db-b80f-24865a535afa",,,Active,2023-01-11 18:26:43.658,2023-01-11 18:26:43.658,"00000000-0000-0000-0000-000000000001",2025-08-20 10:17:34.082,"6d95c757-c6e2-4bec-b7ce-4251b8becefb",10
,"71ec97f7-1fc7-4ac3-a7cd-ffba7c184be9",ResourceModel,"71ec97f7-1fc7-4ac3-a7cd-ffba7c184be9","West Street Loan Partners V Europe (EUR) - Unlevered, SLP",DEAL,b6becb93-4b72-4e45-9c12-e55508a29a1c.ddea4102-8ccc-4b58-b6e8-d706303b53c3.f90cf6f9-ea5a-403c-b19b-d44701a887ae.71ec97f7-1fc7-4ac3-a7cd-ffba7c184be9,b6becb93-4b72-4e45-9c12-e55508a29a1c,f90cf6f9-ea5a-403c-b19b-d44701a887ae,,,Active,2023-01-11 19:32:33.869,2023-01-11 19:32:33.869,"00000000-0000-0000-0000-000000000001",2025-09-17 07:35:15.092,ea40a4fe-ed6c-4d58-bdb1-9f033c893f4b,8
,"435d5b2b-7e57-4533-baa4-fa1cf9a5b96c",ResourceModel,"435d5b2b-7e57-4533-baa4-fa1cf9a5b96c",Triton Fund 6 SCSp_24PE50,DEAL,b6becb93-4b72-4e45-9c12-e55508a29a1c.361483bd-8ea3-425a-80c6-18db9e71972e.b18f2c23-8681-4b08-a7b4-509d170ca9ed.435d5b2b-7e57-4533-baa4-fa1cf9a5b96c,b6becb93-4b72-4e45-9c12-e55508a29a1c,b6becb93-4b72-4e45-9c12-e55508a29a1c,c2cec638-997d-4798-a885-c453275914dd,"",Active,2024-11-13 20:28:56.056,2024-11-13 20:28:56.056,"5fa72f32-1ffa-4815-bc55-979ee67dec76",2025-09-12 08:32:39.178,"6d95c757-c6e2-4bec-b7ce-4251b8becefb",10
,"08e22f6e-b260-42c0-b116-fef9abbccebb",ResourceModel,"08e22f6e-b260-42c0-b116-fef9abbccebb",NB Capital Solutions Fund III Delaware LP_24PE50,DEAL,b6becb93-4b72-4e45-9c12-e55508a29a1c.361483bd-8ea3-425a-80c6-18db9e71972e.b18f2c23-8681-4b08-a7b4-509d170ca9ed.08e22f6e-b260-42c0-b116-fef9abbccebb,b6becb93-4b72-4e45-9c12-e55508a29a1c,b6becb93-4b72-4e45-9c12-e55508a29a1c,c2cec638-997d-4798-a885-c453275914dd,"",Pending,2024-11-13 20:28:28.077,2024-11-13 20:28:28.077,"5fa72f32-1ffa-4815-bc55-979ee67dec76",2025-09-11 05:41:44.116,"6d95c757-c6e2-4bec-b7ce-4251b8becefb",8
,"36ee97bc-1cf4-42aa-ad9b-f2eeb31c34e3",ResourceModel,"36ee97bc-1cf4-42aa-ad9b-f2eeb31c34e3",Blackstone Tactical Opportunities Fund IV L.P.,DEAL,b6becb93-4b72-4e45-9c12-e55508a29a1c.ddea4102-8ccc-4b58-b6e8-d706303b53c3.381dfb07-4385-49db-b80f-24865a535afa.36ee97bc-1cf4-42aa-ad9b-f2eeb31c34e3,b6becb93-4b72-4e45-9c12-e55508a29a1c,"381dfb07-4385-49db-b80f-24865a535afa",,,Active,2023-01-11 18:48:50.612,2023-01-11 18:48:50.612,"00000000-0000-0000-0000-000000000001",2025-08-12 06:28:03.074,"6d95c757-c6e2-4bec-b7ce-4251b8becefb",19
,"36855d59-5078-4dbd-a6b3-d28d6289ed38",ResourceModel,"36855d59-5078-4dbd-a6b3-d28d6289ed38","Insight Partners XIII, L.P.",DEAL,b6becb93-4b72-4e45-9c12-e55508a29a1c.ddea4102-8ccc-4b58-b6e8-d706303b53c3.381dfb07-4385-49db-b80f-24865a535afa.36855d59-5078-4dbd-a6b3-d28d6289ed38,b6becb93-4b72-4e45-9c12-e55508a29a1c,"381dfb07-4385-49db-b80f-24865a535afa",,,Active,2023-01-11 18:52:28.041,2023-01-11 18:52:28.041,"00000000-0000-0000-0000-000000000001",2025-08-19 09:30:52.135,"6d95c757-c6e2-4bec-b7ce-4251b8becefb",10
,"1731feda-344a-4979-b138-a1f08e8e5967",ResourceModel,"1731feda-344a-4979-b138-a1f08e8e5967","Ares Infrastructure Debt Fund VI (USD U), LP",DEAL,b6becb93-4b72-4e45-9c12-e55508a29a1c.ddea4102-8ccc-4b58-b6e8-d706303b53c3.f90cf6f9-ea5a-403c-b19b-d44701a887ae.1731feda-344a-4979-b138-a1f08e8e5967,b6becb93-4b72-4e45-9c12-e55508a29a1c,f90cf6f9-ea5a-403c-b19b-d44701a887ae,,,Coming Soon,2023-01-11 19:41:35.517,2023-01-11 19:41:35.517,"00000000-0000-0000-0000-000000000001",2025-08-29 12:13:48.106,ea40a4fe-ed6c-4d58-bdb1-9f033c893f4b,8
,"5b185bd5-1d71-406b-bc52-3cce5256a480",ResourceModel,"5b185bd5-1d71-406b-bc52-3cce5256a480",Apollo Origination Partnership II,DEAL,b6becb93-4b72-4e45-9c12-e55508a29a1c.ddea4102-8ccc-4b58-b6e8-d706303b53c3.f90cf6f9-ea5a-403c-b19b-d44701a887ae.5b185bd5-1d71-406b-bc52-3cce5256a480,b6becb93-4b72-4e45-9c12-e55508a29a1c,f90cf6f9-ea5a-403c-b19b-d44701a887ae,,,Coming Soon,2023-01-11 19:31:11.887,2023-01-11 19:31:11.887,"00000000-0000-0000-0000-000000000001",2025-08-29 06:54:16.052,"6d95c757-c6e2-4bec-b7ce-4251b8becefb",8
,"2c8adf2e-de20-465f-9d23-789a445c8ca3",ResourceModel,"2c8adf2e-de20-465f-9d23-789a445c8ca3",ZZZNordic Capital XI,DEAL,b6becb93-4b72-4e45-9c12-e55508a29a1c.ddea4102-8ccc-4b58-b6e8-d706303b53c3.381dfb07-4385-49db-b80f-24865a535afa.2c8adf2e-de20-465f-9d23-789a445c8ca3,b6becb93-4b72-4e45-9c12-e55508a29a1c,"381dfb07-4385-49db-b80f-24865a535afa",,,Coming Soon,2023-01-11 18:45:03.327,2023-01-11 18:45:03.327,"00000000-0000-0000-0000-000000000001",2023-01-11 18:45:03.327,"00000000-0000-0000-0000-000000000001",6
,"49a314be-7f9d-452e-8d0f-a6b16c0ea867",ResourceModel,"49a314be-7f9d-452e-8d0f-a6b16c0ea867",ZZZBPEA VIII,DEAL,b6becb93-4b72-4e45-9c12-e55508a29a1c.ddea4102-8ccc-4b58-b6e8-d706303b53c3.381dfb07-4385-49db-b80f-24865a535afa.49a314be-7f9d-452e-8d0f-a6b16c0ea867,b6becb93-4b72-4e45-9c12-e55508a29a1c,"381dfb07-4385-49db-b80f-24865a535afa",,,Coming Soon,2023-01-11 18:43:52.804,2023-01-11 18:43:52.804,"00000000-0000-0000-0000-000000000001",2023-01-11 18:43:52.804,"00000000-0000-0000-0000-000000000001",6
,"504e13ae-9196-4891-a652-279ae97e2353",ResourceModel,"504e13ae-9196-4891-a652-279ae97e2353",Golub Capital Direct Lending Unlevered Corporation,DEAL,b6becb93-4b72-4e45-9c12-e55508a29a1c.ddea4102-8ccc-4b58-b6e8-d706303b53c3.f90cf6f9-ea5a-403c-b19b-d44701a887ae.504e13ae-9196-4891-a652-279ae97e2353,b6becb93-4b72-4e45-9c12-e55508a29a1c,f90cf6f9-ea5a-403c-b19b-d44701a887ae,,,Active,2023-01-11 19:31:45.912,2023-01-11 19:31:45.912,"00000000-0000-0000-0000-000000000001",2025-08-13 06:52:42.145,ea40a4fe-ed6c-4d58-bdb1-9f033c893f4b,8
,"50c518fa-fb93-4988-8f53-f1cff52fff26",ResourceModel,"50c518fa-fb93-4988-8f53-f1cff52fff26","Golub Capital Partners International 15, L.P.",DEAL,b6becb93-4b72-4e45-9c12-e55508a29a1c.ddea4102-8ccc-4b58-b6e8-d706303b53c3.f90cf6f9-ea5a-403c-b19b-d44701a887ae.50c518fa-fb93-4988-8f53-f1cff52fff26,b6becb93-4b72-4e45-9c12-e55508a29a1c,f90cf6f9-ea5a-403c-b19b-d44701a887ae,,,Active,2023-01-11 19:36:27.785,2023-01-11 19:36:27.785,"00000000-0000-0000-0000-000000000001",2025-08-11 06:45:07.210,"6d95c757-c6e2-4bec-b7ce-4251b8becefb",6
,"41f1b20f-85fe-455f-9bc8-b4514e56d7b7",ResourceModel,"41f1b20f-85fe-455f-9bc8-b4514e56d7b7",ZZZCVC Strategic Opportunities III,DEAL,b6becb93-4b72-4e45-9c12-e55508a29a1c.ddea4102-8ccc-4b58-b6e8-d706303b53c3.381dfb07-4385-49db-b80f-24865a535afa.41f1b20f-85fe-455f-9bc8-b4514e56d7b7,b6becb93-4b72-4e45-9c12-e55508a29a1c,"381dfb07-4385-49db-b80f-24865a535afa",,,Coming Soon,2023-01-11 18:25:03.429,2023-01-11 18:25:03.429,"00000000-0000-0000-0000-000000000001",2023-01-11 18:25:03.429,"00000000-0000-0000-0000-000000000001",6
,"521142b5-a7ea-45b9-8052-1aed97142503",ResourceModel,"521142b5-a7ea-45b9-8052-1aed97142503","L Catterton X, L.P.",DEAL,b6becb93-4b72-4e45-9c12-e55508a29a1c.ddea4102-8ccc-4b58-b6e8-d706303b53c3.381dfb07-4385-49db-b80f-24865a535afa.521142b5-a7ea-45b9-8052-1aed97142503,b6becb93-4b72-4e45-9c12-e55508a29a1c,"381dfb07-4385-49db-b80f-24865a535afa",,,Active,2023-01-11 18:31:45.732,2023-01-11 18:31:45.732,"00000000-0000-0000-0000-000000000001",2025-08-14 06:05:59.152,"6d95c757-c6e2-4bec-b7ce-4251b8becefb",17
,"0cafe15a-7eff-4816-9d79-99660f160ee5",ResourceModel,"0cafe15a-7eff-4816-9d79-99660f160ee5","NewVest Vintage 2023 Aggregator (PE 50), LP",DEAL,b6becb93-4b72-4e45-9c12-e55508a29a1c.ddea4102-8ccc-4b58-b6e8-d706303b53c3.0cafe15a-7eff-4816-9d79-99660f160ee5,b6becb93-4b72-4e45-9c12-e55508a29a1c,ddea4102-8ccc-4b58-b6e8-d706303b53c3,,,Active,2023-01-10 14:07:37.547,2023-01-10 14:07:37.547,"00000000-0000-0000-0000-000000000001",2024-12-28 03:58:08.096,"5fa72f32-1ffa-4815-bc55-979ee67dec76",2
,"21fe86c0-4529-4548-90e6-dd754a4e0d12",ResourceModel,"21fe86c0-4529-4548-90e6-dd754a4e0d12","TowerBrook Investors VI (Onshore), L.P.",DEAL,b6becb93-4b72-4e45-9c12-e55508a29a1c.ddea4102-8ccc-4b58-b6e8-d706303b53c3.381dfb07-4385-49db-b80f-24865a535afa.21fe86c0-4529-4548-90e6-dd754a4e0d12,b6becb93-4b72-4e45-9c12-e55508a29a1c,"381dfb07-4385-49db-b80f-24865a535afa",,,Active,2023-01-11 18:18:39.070,2023-01-11 18:18:39.070,"00000000-0000-0000-0000-000000000001",2025-08-29 07:25:35.178,"6d95c757-c6e2-4bec-b7ce-4251b8becefb",8
,"146b1211-9fcf-4460-a2bf-746f71082456",ResourceModel,"146b1211-9fcf-4460-a2bf-746f71082456",GIP Spectrum Fund II,DEAL,b6becb93-4b72-4e45-9c12-e55508a29a1c.ddea4102-8ccc-4b58-b6e8-d706303b53c3.f90cf6f9-ea5a-403c-b19b-d44701a887ae.146b1211-9fcf-4460-a2bf-746f71082456,b6becb93-4b72-4e45-9c12-e55508a29a1c,f90cf6f9-ea5a-403c-b19b-d44701a887ae,,,Coming Soon,2023-01-11 19:23:58.686,2023-01-11 19:23:58.686,"00000000-0000-0000-0000-000000000001",2023-01-11 19:23:58.686,"00000000-0000-0000-0000-000000000001",2
,"0f52d3c5-600e-45fd-9138-fcbe511f37a2",ResourceModel,"0f52d3c5-600e-45fd-9138-fcbe511f37a2",Blackstone Senior Direct Lending Feeder Fund LP  Series I-Unlevered,DEAL,b6becb93-4b72-4e45-9c12-e55508a29a1c.ddea4102-8ccc-4b58-b6e8-d706303b53c3.f90cf6f9-ea5a-403c-b19b-d44701a887ae.0f52d3c5-600e-45fd-9138-fcbe511f37a2,b6becb93-4b72-4e45-9c12-e55508a29a1c,f90cf6f9-ea5a-403c-b19b-d44701a887ae,,,Active,2023-01-11 19:20:42.781,2023-01-11 19:20:42.781,"00000000-0000-0000-0000-000000000001",2025-08-19 05:40:19.196,"6d95c757-c6e2-4bec-b7ce-4251b8becefb",7
,"3e7e2b60-aafc-4826-8bb3-58ac4061e4c8",ResourceModel,"3e7e2b60-aafc-4826-8bb3-58ac4061e4c8","Centerbridge Special Credit Partners V, L.P._24PE50_",DEAL,b6becb93-4b72-4e45-9c12-e55508a29a1c.361483bd-8ea3-425a-80c6-18db9e71972e.b18f2c23-8681-4b08-a7b4-509d170ca9ed.3e7e2b60-aafc-4826-8bb3-58ac4061e4c8,b6becb93-4b72-4e45-9c12-e55508a29a1c,b6becb93-4b72-4e45-9c12-e55508a29a1c,c2cec638-997d-4798-a885-c453275914dd,"",Pending,2024-11-13 20:29:46.065,2024-11-13 20:29:46.065,"5fa72f32-1ffa-4815-bc55-979ee67dec76",2024-12-31 18:25:23.253,"5fa72f32-1ffa-4815-bc55-979ee67dec76",6
,"28751fc8-c49b-408c-a180-0aea31b64418",ResourceModel,"28751fc8-c49b-408c-a180-0aea31b64418","CEP VI Dollar Feeder, S.C.Sp._24PE50",DEAL,b6becb93-4b72-4e45-9c12-e55508a29a1c.361483bd-8ea3-425a-80c6-18db9e71972e.b18f2c23-8681-4b08-a7b4-509d170ca9ed.28751fc8-c49b-408c-a180-0aea31b64418,b6becb93-4b72-4e45-9c12-e55508a29a1c,b6becb93-4b72-4e45-9c12-e55508a29a1c,c2cec638-997d-4798-a885-c453275914dd,"",Pending,2024-11-13 20:31:06.084,2024-11-13 20:31:06.084,"5fa72f32-1ffa-4815-bc55-979ee67dec76",2024-12-31 18:31:34.242,"5fa72f32-1ffa-4815-bc55-979ee67dec76",7
,"1f2c9db7-67df-44ec-92ce-c8dd71f5dace",ResourceModel,"1f2c9db7-67df-44ec-92ce-c8dd71f5dace","NewVest Vintage 2023 Aggregator (PD 50), LP",DEAL,b6becb93-4b72-4e45-9c12-e55508a29a1c.ddea4102-8ccc-4b58-b6e8-d706303b53c3.1f2c9db7-67df-44ec-92ce-c8dd71f5dace,b6becb93-4b72-4e45-9c12-e55508a29a1c,ddea4102-8ccc-4b58-b6e8-d706303b53c3,,"NewVest Vintage 2023 Aggregator (PD 50), LP",Active,2023-01-11 18:09:25.982,2023-01-11 18:09:25.982,"00000000-0000-0000-0000-000000000001",2024-12-28 03:57:50.107,"5fa72f32-1ffa-4815-bc55-979ee67dec76",2
,"1d05cb46-9333-4712-8d24-016c34928089",ResourceModel,"1d05cb46-9333-4712-8d24-016c34928089","Thoma Bravo Fund XVI, L.P._24PE50",DEAL,b6becb93-4b72-4e45-9c12-e55508a29a1c.361483bd-8ea3-425a-80c6-18db9e71972e.b18f2c23-8681-4b08-a7b4-509d170ca9ed.1d05cb46-9333-4712-8d24-016c34928089,b6becb93-4b72-4e45-9c12-e55508a29a1c,b6becb93-4b72-4e45-9c12-e55508a29a1c,c2cec638-997d-4798-a885-c453275914dd,"",Active,2024-11-07 17:50:42.065,2024-11-07 17:50:42.065,"5fa72f32-1ffa-4815-bc55-979ee67dec76",2024-12-28 01:35:58.101,"5fa72f32-1ffa-4815-bc55-979ee67dec76",8
"1796846","2dc52852-18fd-44f2-931f-7f34eb6edcba",ResourceModel,"2dc52852-18fd-44f2-931f-7f34eb6edcba",GenII,DEAL,b6becb93-4b72-4e45-9c12-e55508a29a1c.a808eec8-962d-4094-b8b0-6f2d83627574.2dc52852-18fd-44f2-931f-7f34eb6edcba,b6becb93-4b72-4e45-9c12-e55508a29a1c,a808eec8-962d-4094-b8b0-6f2d83627574,c2cec638-997d-4798-a885-c453275914dd,GenII-NewVest Secure Filesharing,Coming Soon,2024-11-23 19:46:21.627,2024-11-23 19:46:21.627,"94c61d8b-51cc-4305-bc62-1e36858b2491",2024-11-23 19:46:22.180,"94c61d8b-51cc-4305-bc62-1e36858b2491",3
,"2bfe9ecb-fad0-429f-8a0e-9465f3a9ce9a",ResourceModel,"2bfe9ecb-fad0-429f-8a0e-9465f3a9ce9a","BPEA Private Equity Fund IX (No.2), SCSp._24PE50",DEAL,b6becb93-4b72-4e45-9c12-e55508a29a1c.361483bd-8ea3-425a-80c6-18db9e71972e.b18f2c23-8681-4b08-a7b4-509d170ca9ed.2bfe9ecb-fad0-429f-8a0e-9465f3a9ce9a,b6becb93-4b72-4e45-9c12-e55508a29a1c,b6becb93-4b72-4e45-9c12-e55508a29a1c,c2cec638-997d-4798-a885-c453275914dd,"",Active,2024-11-13 20:29:27.074,2024-11-13 20:29:27.074,"5fa72f32-1ffa-4815-bc55-979ee67dec76",2024-12-31 17:23:12.175,"5fa72f32-1ffa-4815-bc55-979ee67dec76",8
,"337237f7-c5ac-4624-9239-e8d976d46554",ResourceModel,"337237f7-c5ac-4624-9239-e8d976d46554","TPG Asia VIII (A), L.P.",DEAL,b6becb93-4b72-4e45-9c12-e55508a29a1c.ddea4102-8ccc-4b58-b6e8-d706303b53c3.381dfb07-4385-49db-b80f-24865a535afa.337237f7-c5ac-4624-9239-e8d976d46554,b6becb93-4b72-4e45-9c12-e55508a29a1c,"381dfb07-4385-49db-b80f-24865a535afa",,,Active,2023-01-11 18:30:33.911,2023-01-11 18:30:33.911,"00000000-0000-0000-0000-000000000001",2025-08-13 05:04:38.131,"6d95c757-c6e2-4bec-b7ce-4251b8becefb",15
,"26fd3433-5c2f-4aa9-843d-4d43bd2369ab",ResourceModel,"26fd3433-5c2f-4aa9-843d-4d43bd2369ab","TowerBrook Investors VI (Onshore), L.P._24PE50",DEAL,b6becb93-4b72-4e45-9c12-e55508a29a1c.361483bd-8ea3-425a-80c6-18db9e71972e.b18f2c23-8681-4b08-a7b4-509d170ca9ed.26fd3433-5c2f-4aa9-843d-4d43bd2369ab,b6becb93-4b72-4e45-9c12-e55508a29a1c,b6becb93-4b72-4e45-9c12-e55508a29a1c,c2cec638-997d-4798-a885-c453275914dd,"",Active,2024-11-13 20:28:36.064,2024-11-13 20:28:36.064,"5fa72f32-1ffa-4815-bc55-979ee67dec76",2025-09-01 06:16:25.308,"6d95c757-c6e2-4bec-b7ce-4251b8becefb",11
,"0988d9ed-01b3-49c7-8141-4974ff2c3c2d",ResourceModel,"0988d9ed-01b3-49c7-8141-4974ff2c3c2d","H.I.G. Middle Market LBO Fund IV, L.P.",DEAL,b6becb93-4b72-4e45-9c12-e55508a29a1c.ddea4102-8ccc-4b58-b6e8-d706303b53c3.381dfb07-4385-49db-b80f-24865a535afa.0988d9ed-01b3-49c7-8141-4974ff2c3c2d,b6becb93-4b72-4e45-9c12-e55508a29a1c,"381dfb07-4385-49db-b80f-24865a535afa",,,Active,2023-02-09 19:12:29.479,2023-02-09 19:12:29.479,"00000000-0000-0000-0000-000000000001",2025-08-14 06:30:03.088,"6d95c757-c6e2-4bec-b7ce-4251b8becefb",16
,"1b999d68-b747-4d49-bca2-97ea8dcfd24e",ResourceModel,"1b999d68-b747-4d49-bca2-97ea8dcfd24e","PIMCO Specialty Finance Income Fund Offshore Feeder, L.P.",DEAL,b6becb93-4b72-4e45-9c12-e55508a29a1c.ddea4102-8ccc-4b58-b6e8-d706303b53c3.f90cf6f9-ea5a-403c-b19b-d44701a887ae.1b999d68-b747-4d49-bca2-97ea8dcfd24e,b6becb93-4b72-4e45-9c12-e55508a29a1c,f90cf6f9-ea5a-403c-b19b-d44701a887ae,,,Active,2023-06-06 15:23:21.090,2023-06-06 15:23:21.090,"00000000-0000-0000-0000-000000000001",2025-08-29 06:12:47.059,"6d95c757-c6e2-4bec-b7ce-4251b8becefb",12
,"1f2afe21-554f-4ecd-ba27-64dee5899264",ResourceModel,"1f2afe21-554f-4ecd-ba27-64dee5899264","Kohlberg Investors X, L.P.",DEAL,b6becb93-4b72-4e45-9c12-e55508a29a1c.ddea4102-8ccc-4b58-b6e8-d706303b53c3.381dfb07-4385-49db-b80f-24865a535afa.1f2afe21-554f-4ecd-ba27-64dee5899264,b6becb93-4b72-4e45-9c12-e55508a29a1c,"381dfb07-4385-49db-b80f-24865a535afa",,,Active,2023-02-08 20:27:40.553,2023-02-08 20:27:40.553,"00000000-0000-0000-0000-000000000001",2025-08-20 12:33:16.114,ea40a4fe-ed6c-4d58-bdb1-9f033c893f4b,12
,"16e20c28-0070-4377-85d9-a3cbbb0330bc",ResourceModel,"16e20c28-0070-4377-85d9-a3cbbb0330bc",Brookfield Capital Partners VI,DEAL,b6becb93-4b72-4e45-9c12-e55508a29a1c.ddea4102-8ccc-4b58-b6e8-d706303b53c3.381dfb07-4385-49db-b80f-24865a535afa.16e20c28-0070-4377-85d9-a3cbbb0330bc,b6becb93-4b72-4e45-9c12-e55508a29a1c,"381dfb07-4385-49db-b80f-24865a535afa",,,Active,2023-03-15 16:14:30.769,2023-03-15 16:14:30.769,"00000000-0000-0000-0000-000000000001",2025-08-18 13:54:49.064,ea40a4fe-ed6c-4d58-bdb1-9f033c893f4b,14
,"141670c0-24cf-46d7-84fb-6a9ec6e68561",ResourceModel,"141670c0-24cf-46d7-84fb-6a9ec6e68561","Vista Equity Partners Fund VIII, L.P.",DEAL,b6becb93-4b72-4e45-9c12-e55508a29a1c.ddea4102-8ccc-4b58-b6e8-d706303b53c3.381dfb07-4385-49db-b80f-24865a535afa.141670c0-24cf-46d7-84fb-6a9ec6e68561,b6becb93-4b72-4e45-9c12-e55508a29a1c,"381dfb07-4385-49db-b80f-24865a535afa",,,Active,2023-01-11 18:52:03.143,2023-01-11 18:52:03.143,"00000000-0000-0000-0000-000000000001",2025-08-19 06:48:38.079,"6d95c757-c6e2-4bec-b7ce-4251b8becefb",14
,"419055eb-a79f-4876-9878-ff51e99b2137",ResourceModel,"419055eb-a79f-4876-9878-ff51e99b2137",Crescent European Specialty Lending Fund III (Delaware) LP,DEAL,b6becb93-4b72-4e45-9c12-e55508a29a1c.ddea4102-8ccc-4b58-b6e8-d706303b53c3.f90cf6f9-ea5a-403c-b19b-d44701a887ae.419055eb-a79f-4876-9878-ff51e99b2137,b6becb93-4b72-4e45-9c12-e55508a29a1c,f90cf6f9-ea5a-403c-b19b-d44701a887ae,,,Active,2023-01-11 19:22:11.696,2023-01-11 19:22:11.696,"00000000-0000-0000-0000-000000000001",2025-08-19 08:34:32.114,"6d95c757-c6e2-4bec-b7ce-4251b8becefb",19
,"3e99b57e-f5a0-4e85-a6bb-43c82eba9d5e",ResourceModel,"3e99b57e-f5a0-4e85-a6bb-43c82eba9d5e","Tiger Global Private Investment Partners XVI, L.P.",DEAL,b6becb93-4b72-4e45-9c12-e55508a29a1c.ddea4102-8ccc-4b58-b6e8-d706303b53c3.381dfb07-4385-49db-b80f-24865a535afa.3e99b57e-f5a0-4e85-a6bb-43c82eba9d5e,b6becb93-4b72-4e45-9c12-e55508a29a1c,"381dfb07-4385-49db-b80f-24865a535afa",,,Active,2023-01-11 18:47:45.425,2023-01-11 18:47:45.425,"00000000-0000-0000-0000-000000000001",2025-08-18 12:56:16.105,"6d95c757-c6e2-4bec-b7ce-4251b8becefb",14
,"4bd7a0a4-ffa8-4c80-84a1-b0264d277ee3",ResourceModel,"4bd7a0a4-ffa8-4c80-84a1-b0264d277ee3","AG Direct Lending Fund V, L.P.",DEAL,b6becb93-4b72-4e45-9c12-e55508a29a1c.ddea4102-8ccc-4b58-b6e8-d706303b53c3.f90cf6f9-ea5a-403c-b19b-d44701a887ae.4bd7a0a4-ffa8-4c80-84a1-b0264d277ee3,b6becb93-4b72-4e45-9c12-e55508a29a1c,f90cf6f9-ea5a-403c-b19b-d44701a887ae,,,Active,2023-01-11 19:38:08.480,2023-01-11 19:38:08.480,"00000000-0000-0000-0000-000000000001",2025-09-01 05:10:11.044,"6d95c757-c6e2-4bec-b7ce-4251b8becefb",11
,"2598d3fc-3560-4913-9e0c-ee6d6b704e8c",ResourceModel,"2598d3fc-3560-4913-9e0c-ee6d6b704e8c","Levine Leichtman Capital Partners VII, L.P._24PE50",DEAL,b6becb93-4b72-4e45-9c12-e55508a29a1c.361483bd-8ea3-425a-80c6-18db9e71972e.b18f2c23-8681-4b08-a7b4-509d170ca9ed.2598d3fc-3560-4913-9e0c-ee6d6b704e8c,b6becb93-4b72-4e45-9c12-e55508a29a1c,b6becb93-4b72-4e45-9c12-e55508a29a1c,c2cec638-997d-4798-a885-c453275914dd,"",Active,2024-11-13 20:28:32.075,2024-11-13 20:28:32.075,"5fa72f32-1ffa-4815-bc55-979ee67dec76",2025-09-01 07:04:05.040,ea40a4fe-ed6c-4d58-bdb1-9f033c893f4b,17
,"1afdd1ce-bcb9-488e-a5a9-965544b6e03f",ResourceModel,"1afdd1ce-bcb9-488e-a5a9-965544b6e03f","MBK Partners Fund VI, L.P._24PE50",DEAL,b6becb93-4b72-4e45-9c12-e55508a29a1c.361483bd-8ea3-425a-80c6-18db9e71972e.b18f2c23-8681-4b08-a7b4-509d170ca9ed.1afdd1ce-bcb9-488e-a5a9-965544b6e03f,b6becb93-4b72-4e45-9c12-e55508a29a1c,b6becb93-4b72-4e45-9c12-e55508a29a1c,c2cec638-997d-4798-a885-c453275914dd,"",Pending,2024-11-13 20:30:58.067,2024-11-13 20:30:58.067,"5fa72f32-1ffa-4815-bc55-979ee67dec76",2025-08-29 12:14:49.090,ea40a4fe-ed6c-4d58-bdb1-9f033c893f4b,8
,"158f1635-4329-4611-bbce-3e392efc59f5",ResourceModel,"158f1635-4329-4611-bbce-3e392efc59f5","American Securities Partners IX, L.P._24PE50",DEAL,b6becb93-4b72-4e45-9c12-e55508a29a1c.361483bd-8ea3-425a-80c6-18db9e71972e.b18f2c23-8681-4b08-a7b4-509d170ca9ed.158f1635-4329-4611-bbce-3e392efc59f5,b6becb93-4b72-4e45-9c12-e55508a29a1c,b6becb93-4b72-4e45-9c12-e55508a29a1c,c2cec638-997d-4798-a885-c453275914dd,"",Active,2024-11-13 20:28:08.116,2024-11-13 20:28:08.116,"5fa72f32-1ffa-4815-bc55-979ee67dec76",2025-08-20 12:09:39.076,ea40a4fe-ed6c-4d58-bdb1-9f033c893f4b,10
,"4b9bd8ce-ff48-41ba-8f78-16f3c04fc58a",ResourceModel,"4b9bd8ce-ff48-41ba-8f78-16f3c04fc58a","Court Square Capital Partners V, L.P._24PE50",DEAL,b6becb93-4b72-4e45-9c12-e55508a29a1c.361483bd-8ea3-425a-80c6-18db9e71972e.b18f2c23-8681-4b08-a7b4-509d170ca9ed.4b9bd8ce-ff48-41ba-8f78-16f3c04fc58a,b6becb93-4b72-4e45-9c12-e55508a29a1c,b6becb93-4b72-4e45-9c12-e55508a29a1c,c2cec638-997d-4798-a885-c453275914dd,"",Active,2024-11-13 20:30:46.076,2024-11-13 20:30:46.076,"5fa72f32-1ffa-4815-bc55-979ee67dec76",2025-09-03 06:15:01.148,"6d95c757-c6e2-4bec-b7ce-4251b8becefb",9
,"507eb91d-b169-476e-a4cf-208b09717c1c",ResourceModel,"507eb91d-b169-476e-a4cf-208b09717c1c",Arcmont-Direct Lending Fund IV (USD-L) SLP,DEAL,b6becb93-4b72-4e45-9c12-e55508a29a1c.ddea4102-8ccc-4b58-b6e8-d706303b53c3.f90cf6f9-ea5a-403c-b19b-d44701a887ae.507eb91d-b169-476e-a4cf-208b09717c1c,b6becb93-4b72-4e45-9c12-e55508a29a1c,f90cf6f9-ea5a-403c-b19b-d44701a887ae,,,Active,2023-01-11 19:40:32.458,2023-01-11 19:40:32.458,"00000000-0000-0000-0000-000000000001",2025-08-18 13:52:22.144,"6d95c757-c6e2-4bec-b7ce-4251b8becefb",14
,"37fde3f8-b38e-41fd-99cb-897c28be0646",ResourceModel,"37fde3f8-b38e-41fd-99cb-897c28be0646",PSG VI L.P._24PE50,DEAL,b6becb93-4b72-4e45-9c12-e55508a29a1c.361483bd-8ea3-425a-80c6-18db9e71972e.b18f2c23-8681-4b08-a7b4-509d170ca9ed.37fde3f8-b38e-41fd-99cb-897c28be0646,b6becb93-4b72-4e45-9c12-e55508a29a1c,b6becb93-4b72-4e45-9c12-e55508a29a1c,c2cec638-997d-4798-a885-c453275914dd,"",Active,2024-11-13 20:28:59.408,2024-11-13 20:28:59.408,"5fa72f32-1ffa-4815-bc55-979ee67dec76",2025-08-18 08:35:29.125,"6d95c757-c6e2-4bec-b7ce-4251b8becefb",12
,"551b1b08-bfc5-43fc-bfc0-f71e89ce5c03",ResourceModel,"551b1b08-bfc5-43fc-bfc0-f71e89ce5c03",Ares US Senior Direct Lending III (SDL 3),DEAL,b6becb93-4b72-4e45-9c12-e55508a29a1c.ddea4102-8ccc-4b58-b6e8-d706303b53c3.f90cf6f9-ea5a-403c-b19b-d44701a887ae.551b1b08-bfc5-43fc-bfc0-f71e89ce5c03,b6becb93-4b72-4e45-9c12-e55508a29a1c,f90cf6f9-ea5a-403c-b19b-d44701a887ae,,,Active,2023-01-11 19:48:50.153,2023-01-11 19:48:50.153,"00000000-0000-0000-0000-000000000001",2025-09-01 07:01:29.114,"6d95c757-c6e2-4bec-b7ce-4251b8becefb",18
,"5c1081bd-7da0-4829-b8e2-1a75b1f1247e",ResourceModel,"5c1081bd-7da0-4829-b8e2-1a75b1f1247e","Cerberus Offshore Unlevered Loan Opportunities Fund V, Ltd..",DEAL,b6becb93-4b72-4e45-9c12-e55508a29a1c.ddea4102-8ccc-4b58-b6e8-d706303b53c3.f90cf6f9-ea5a-403c-b19b-d44701a887ae.5c1081bd-7da0-4829-b8e2-1a75b1f1247e,b6becb93-4b72-4e45-9c12-e55508a29a1c,f90cf6f9-ea5a-403c-b19b-d44701a887ae,,,Coming Soon,2023-01-11 19:27:32.583,2023-01-11 19:27:32.583,"00000000-0000-0000-0000-000000000001",2025-08-04 06:43:24.192,ea40a4fe-ed6c-4d58-bdb1-9f033c893f4b,15
,"4bbd0364-c245-4807-81ab-216d0e02534c",ResourceModel,"4bbd0364-c245-4807-81ab-216d0e02534c",KKR North America Fund XIV SCSp_24PE50,DEAL,b6becb93-4b72-4e45-9c12-e55508a29a1c.361483bd-8ea3-425a-80c6-18db9e71972e.b18f2c23-8681-4b08-a7b4-509d170ca9ed.4bbd0364-c245-4807-81ab-216d0e02534c,b6becb93-4b72-4e45-9c12-e55508a29a1c,b6becb93-4b72-4e45-9c12-e55508a29a1c,c2cec638-997d-4798-a885-c453275914dd,"",Pending,2024-11-07 17:50:38.119,2024-11-07 17:50:38.119,"5fa72f32-1ffa-4815-bc55-979ee67dec76",2025-08-04 06:44:13.154,ea40a4fe-ed6c-4d58-bdb1-9f033c893f4b,9
,"94d571a0-e9f4-43ab-bf0d-e17911868992",ResourceModel,"94d571a0-e9f4-43ab-bf0d-e17911868992",ZZZ0,DEAL,b6becb93-4b72-4e45-9c12-e55508a29a1c.ddea4102-8ccc-4b58-b6e8-d706303b53c3.381dfb07-4385-49db-b80f-24865a535afa.94d571a0-e9f4-43ab-bf0d-e17911868992,b6becb93-4b72-4e45-9c12-e55508a29a1c,"381dfb07-4385-49db-b80f-24865a535afa",,,Inactive,2023-02-09 19:08:51.107,2023-02-09 19:08:51.107,"00000000-0000-0000-0000-000000000001",2023-02-09 19:08:51.554,"00000000-0000-0000-0000-000000000001",2
,a9e2e4f8-7405-436a-b365-bfe3ef544ad1,ResourceModel,a9e2e4f8-7405-436a-b365-bfe3ef544ad1,"K6 Private Investors, L.P.",DEAL,b6becb93-4b72-4e45-9c12-e55508a29a1c.ddea4102-8ccc-4b58-b6e8-d706303b53c3.381dfb07-4385-49db-b80f-24865a535afa.a9e2e4f8-7405-436a-b365-bfe3ef544ad1,b6becb93-4b72-4e45-9c12-e55508a29a1c,"381dfb07-4385-49db-b80f-24865a535afa",,,Pending,2023-02-09 18:59:06.378,2023-02-09 18:59:06.378,"00000000-0000-0000-0000-000000000001",2023-02-09 18:59:07.300,"00000000-0000-0000-0000-000000000001",2
,"962109a0-f0f1-4061-a7b1-c104e83eebb9",ResourceModel,"962109a0-f0f1-4061-a7b1-c104e83eebb9",PIMCO COF (Corporate Opportunities Fund) IV,DEAL,b6becb93-4b72-4e45-9c12-e55508a29a1c.ddea4102-8ccc-4b58-b6e8-d706303b53c3.f90cf6f9-ea5a-403c-b19b-d44701a887ae.962109a0-f0f1-4061-a7b1-c104e83eebb9,b6becb93-4b72-4e45-9c12-e55508a29a1c,f90cf6f9-ea5a-403c-b19b-d44701a887ae,,,Active,2023-06-06 15:07:17.929,2023-06-06 15:07:17.929,"00000000-0000-0000-0000-000000000001",2025-09-01 07:11:09.220,"6d95c757-c6e2-4bec-b7ce-4251b8becefb",6
,"9d9acbf8-1620-4ab6-8de5-cb238dcfd61e",ResourceModel,"9d9acbf8-1620-4ab6-8de5-cb238dcfd61e",Clearlake Capital Partners VIII,DEAL,b6becb93-4b72-4e45-9c12-e55508a29a1c.ddea4102-8ccc-4b58-b6e8-d706303b53c3.381dfb07-4385-49db-b80f-24865a535afa.9d9acbf8-1620-4ab6-8de5-cb238dcfd61e,b6becb93-4b72-4e45-9c12-e55508a29a1c,"381dfb07-4385-49db-b80f-24865a535afa",,,Active,2023-02-09 14:26:59.559,2023-02-09 14:26:59.559,"00000000-0000-0000-0000-000000000001",2025-09-03 05:35:35.084,"6d95c757-c6e2-4bec-b7ce-4251b8becefb",8
,"9797973e-3e6c-491d-89b9-bbb78f16f078",ResourceModel,"9797973e-3e6c-491d-89b9-bbb78f16f078","Silver Lake Partners VII, L.P.",DEAL,b6becb93-4b72-4e45-9c12-e55508a29a1c.ddea4102-8ccc-4b58-b6e8-d706303b53c3.381dfb07-4385-49db-b80f-24865a535afa.9797973e-3e6c-491d-89b9-bbb78f16f078,b6becb93-4b72-4e45-9c12-e55508a29a1c,"381dfb07-4385-49db-b80f-24865a535afa",,,Active,2023-01-11 18:53:20.126,2023-01-11 18:53:20.126,"00000000-0000-0000-0000-000000000001",2025-08-26 06:42:38.082,"6d95c757-c6e2-4bec-b7ce-4251b8becefb",14
,"8083b6f3-2ef0-49bf-b589-d314572ad885",ResourceModel,"8083b6f3-2ef0-49bf-b589-d314572ad885",PAI Partners VIII-1 Global SCSp,DEAL,b6becb93-4b72-4e45-9c12-e55508a29a1c.ddea4102-8ccc-4b58-b6e8-d706303b53c3.381dfb07-4385-49db-b80f-24865a535afa.8083b6f3-2ef0-49bf-b589-d314572ad885,b6becb93-4b72-4e45-9c12-e55508a29a1c,"381dfb07-4385-49db-b80f-24865a535afa",,,Active,2023-01-11 18:38:09.741,2023-01-11 18:38:09.741,"00000000-0000-0000-0000-000000000001",2025-08-11 06:32:58.131,ea40a4fe-ed6c-4d58-bdb1-9f033c893f4b,11
,aec480a8-322a-4642-90ea-f9b336715f8c,ResourceModel,aec480a8-322a-4642-90ea-f9b336715f8c,"Warburg Pincus Global Growth 14, L.P.",DEAL,b6becb93-4b72-4e45-9c12-e55508a29a1c.ddea4102-8ccc-4b58-b6e8-d706303b53c3.381dfb07-4385-49db-b80f-24865a535afa.aec480a8-322a-4642-90ea-f9b336715f8c,b6becb93-4b72-4e45-9c12-e55508a29a1c,"381dfb07-4385-49db-b80f-24865a535afa",,,Active,2023-01-11 18:50:50.822,2023-01-11 18:50:50.822,"00000000-0000-0000-0000-000000000001",2025-08-18 14:17:21.073,"6d95c757-c6e2-4bec-b7ce-4251b8becefb",13
,"9cded243-7303-43c7-8345-e8d87aac6e01",ResourceModel,"9cded243-7303-43c7-8345-e8d87aac6e01",Pemberton Strategic Credit Fund III (B),DEAL,b6becb93-4b72-4e45-9c12-e55508a29a1c.ddea4102-8ccc-4b58-b6e8-d706303b53c3.f90cf6f9-ea5a-403c-b19b-d44701a887ae.9cded243-7303-43c7-8345-e8d87aac6e01,b6becb93-4b72-4e45-9c12-e55508a29a1c,f90cf6f9-ea5a-403c-b19b-d44701a887ae,,,Active,2023-01-11 19:36:58.063,2023-01-11 19:36:58.063,"00000000-0000-0000-0000-000000000001",2025-08-14 14:15:56.052,ea40a4fe-ed6c-4d58-bdb1-9f033c893f4b,10
,b694cbdc-d610-4c9d-bfc3-5fd17bc7d193,ResourceModel,b694cbdc-d610-4c9d-bfc3-5fd17bc7d193,Blackrock US Direct Lending X,DEAL,b6becb93-4b72-4e45-9c12-e55508a29a1c.ddea4102-8ccc-4b58-b6e8-d706303b53c3.f90cf6f9-ea5a-403c-b19b-d44701a887ae.b694cbdc-d610-4c9d-bfc3-5fd17bc7d193,b6becb93-4b72-4e45-9c12-e55508a29a1c,f90cf6f9-ea5a-403c-b19b-d44701a887ae,,,Coming Soon,2023-01-11 19:20:07.572,2023-01-11 19:20:07.572,"00000000-0000-0000-0000-000000000001",2023-01-11 19:20:07.572,"00000000-0000-0000-0000-000000000001",2
,"776d19a0-8263-42af-ad70-b08dff1c7a7e",ResourceModel,"776d19a0-8263-42af-ad70-b08dff1c7a7e",Fortress Lending IV,DEAL,b6becb93-4b72-4e45-9c12-e55508a29a1c.ddea4102-8ccc-4b58-b6e8-d706303b53c3.f90cf6f9-ea5a-403c-b19b-d44701a887ae.776d19a0-8263-42af-ad70-b08dff1c7a7e,b6becb93-4b72-4e45-9c12-e55508a29a1c,f90cf6f9-ea5a-403c-b19b-d44701a887ae,,,Active,2023-01-11 19:39:26.618,2023-01-11 19:39:26.618,"00000000-0000-0000-0000-000000000001",2025-08-20 06:43:24.146,ea40a4fe-ed6c-4d58-bdb1-9f033c893f4b,7
,"89ee2c73-271b-47d8-9429-3f225481ff0b",ResourceModel,"89ee2c73-271b-47d8-9429-3f225481ff0b",Hg Genesis 10 A L.P.,DEAL,b6becb93-4b72-4e45-9c12-e55508a29a1c.ddea4102-8ccc-4b58-b6e8-d706303b53c3.381dfb07-4385-49db-b80f-24865a535afa.89ee2c73-271b-47d8-9429-3f225481ff0b,b6becb93-4b72-4e45-9c12-e55508a29a1c,"381dfb07-4385-49db-b80f-24865a535afa",,,Active,2023-01-11 18:37:02.827,2023-01-11 18:37:02.827,"00000000-0000-0000-0000-000000000001",2025-09-08 07:31:26.127,"6d95c757-c6e2-4bec-b7ce-4251b8becefb",16
,b2a6ba59-8881-4fc7-859a-a9d958883055,ResourceModel,b2a6ba59-8881-4fc7-859a-a9d958883055,Pemberton Mid-Market Debt Fund IV SCSp SICAV-RAIF (EUR),DEAL,b6becb93-4b72-4e45-9c12-e55508a29a1c.ddea4102-8ccc-4b58-b6e8-d706303b53c3.f90cf6f9-ea5a-403c-b19b-d44701a887ae.b2a6ba59-8881-4fc7-859a-a9d958883055,b6becb93-4b72-4e45-9c12-e55508a29a1c,f90cf6f9-ea5a-403c-b19b-d44701a887ae,,,Active,2023-01-11 19:49:53.947,2023-01-11 19:49:53.947,"00000000-0000-0000-0000-000000000001",2025-08-14 11:39:27.083,ea40a4fe-ed6c-4d58-bdb1-9f033c893f4b,11
,c2ef6d1e-0384-4f63-b4c9-7ff28e2a4958,ResourceModel,c2ef6d1e-0384-4f63-b4c9-7ff28e2a4958,Blackstone European Senior Debt Fund III SCSp,DEAL,b6becb93-4b72-4e45-9c12-e55508a29a1c.ddea4102-8ccc-4b58-b6e8-d706303b53c3.f90cf6f9-ea5a-403c-b19b-d44701a887ae.c2ef6d1e-0384-4f63-b4c9-7ff28e2a4958,b6becb93-4b72-4e45-9c12-e55508a29a1c,f90cf6f9-ea5a-403c-b19b-d44701a887ae,,,Active,2023-01-11 19:26:55.866,2023-01-11 19:26:55.866,"00000000-0000-0000-0000-000000000001",2025-08-18 13:35:34.075,"6d95c757-c6e2-4bec-b7ce-4251b8becefb",9
,"77a941d0-a455-4331-87e1-2e9356adf9f0",ResourceModel,"77a941d0-a455-4331-87e1-2e9356adf9f0","H.I.G. Advantage Buyout Fund II, L.P.",DEAL,b6becb93-4b72-4e45-9c12-e55508a29a1c.ddea4102-8ccc-4b58-b6e8-d706303b53c3.381dfb07-4385-49db-b80f-24865a535afa.77a941d0-a455-4331-87e1-2e9356adf9f0,b6becb93-4b72-4e45-9c12-e55508a29a1c,"381dfb07-4385-49db-b80f-24865a535afa",,,Active,2023-01-11 18:24:06.194,2023-01-11 18:24:06.194,"00000000-0000-0000-0000-000000000001",2025-08-12 05:58:40.099,"6d95c757-c6e2-4bec-b7ce-4251b8becefb",16
,"90acc6c3-5ddf-4371-bf85-f9dd9001e1e9",ResourceModel,"90acc6c3-5ddf-4371-bf85-f9dd9001e1e9",BSP Debt Fund  V Unlevered (Non US) L.P.,DEAL,b6becb93-4b72-4e45-9c12-e55508a29a1c.ddea4102-8ccc-4b58-b6e8-d706303b53c3.f90cf6f9-ea5a-403c-b19b-d44701a887ae.90acc6c3-5ddf-4371-bf85-f9dd9001e1e9,b6becb93-4b72-4e45-9c12-e55508a29a1c,f90cf6f9-ea5a-403c-b19b-d44701a887ae,,,Active,2023-01-11 19:25:09.040,2023-01-11 19:25:09.040,"00000000-0000-0000-0000-000000000001",2025-08-19 05:12:48.133,"6d95c757-c6e2-4bec-b7ce-4251b8becefb",12
,"67a5270f-30a4-47ef-b4d1-8dc5c3683f78",ResourceModel,"67a5270f-30a4-47ef-b4d1-8dc5c3683f78","Carlyle Credit Opportunities Fund III, L.P.",DEAL,b6becb93-4b72-4e45-9c12-e55508a29a1c.ddea4102-8ccc-4b58-b6e8-d706303b53c3.f90cf6f9-ea5a-403c-b19b-d44701a887ae.67a5270f-30a4-47ef-b4d1-8dc5c3683f78,b6becb93-4b72-4e45-9c12-e55508a29a1c,f90cf6f9-ea5a-403c-b19b-d44701a887ae,,,Active,2023-01-11 19:47:44.098,2023-01-11 19:47:44.098,"00000000-0000-0000-0000-000000000001",2025-08-28 06:45:10.130,"6d95c757-c6e2-4bec-b7ce-4251b8becefb",8
,b042866f-35cb-4f4d-82ea-3358b035574f,ResourceModel,b042866f-35cb-4f4d-82ea-3358b035574f,HPS European Asset Value 3,DEAL,b6becb93-4b72-4e45-9c12-e55508a29a1c.ddea4102-8ccc-4b58-b6e8-d706303b53c3.f90cf6f9-ea5a-403c-b19b-d44701a887ae.b042866f-35cb-4f4d-82ea-3358b035574f,b6becb93-4b72-4e45-9c12-e55508a29a1c,f90cf6f9-ea5a-403c-b19b-d44701a887ae,,,Active,2023-01-11 19:46:41.679,2023-01-11 19:46:41.679,"00000000-0000-0000-0000-000000000001",2025-09-08 06:08:57.066,"6d95c757-c6e2-4bec-b7ce-4251b8becefb",6
,"79417414-6877-4a08-ada4-a277bf1f62e0",ResourceModel,"79417414-6877-4a08-ada4-a277bf1f62e0",Blackstone Capital Partners IX L.P.,DEAL,b6becb93-4b72-4e45-9c12-e55508a29a1c.ddea4102-8ccc-4b58-b6e8-d706303b53c3.381dfb07-4385-49db-b80f-24865a535afa.79417414-6877-4a08-ada4-a277bf1f62e0,b6becb93-4b72-4e45-9c12-e55508a29a1c,"381dfb07-4385-49db-b80f-24865a535afa",,,Active,2023-01-10 14:06:35.947,2023-01-10 14:06:35.947,"00000000-0000-0000-0000-000000000001",2025-08-12 06:23:40.213,"6d95c757-c6e2-4bec-b7ce-4251b8becefb",7
,a217639f-77b8-473d-b24e-a45505adfcaa,ResourceModel,a217639f-77b8-473d-b24e-a45505adfcaa,Blackstone Energy Transition Partners IV L.P._24PE50_,DEAL,b6becb93-4b72-4e45-9c12-e55508a29a1c.361483bd-8ea3-425a-80c6-18db9e71972e.b18f2c23-8681-4b08-a7b4-509d170ca9ed.a217639f-77b8-473d-b24e-a45505adfcaa,b6becb93-4b72-4e45-9c12-e55508a29a1c,b6becb93-4b72-4e45-9c12-e55508a29a1c,c2cec638-997d-4798-a885-c453275914dd,"",Pending,2024-11-13 20:29:11.078,2024-11-13 20:29:11.078,"5fa72f32-1ffa-4815-bc55-979ee67dec76",2025-08-18 08:50:13.074,"6d95c757-c6e2-4bec-b7ce-4251b8becefb",8
,"9e400a1f-a4b4-472d-8716-c46c38f8dffb",ResourceModel,"9e400a1f-a4b4-472d-8716-c46c38f8dffb","Thoma Bravo Discover Fund V, L.P._24PE50_",DEAL,b6becb93-4b72-4e45-9c12-e55508a29a1c.361483bd-8ea3-425a-80c6-18db9e71972e.b18f2c23-8681-4b08-a7b4-509d170ca9ed.9e400a1f-a4b4-472d-8716-c46c38f8dffb,b6becb93-4b72-4e45-9c12-e55508a29a1c,b6becb93-4b72-4e45-9c12-e55508a29a1c,c2cec638-997d-4798-a885-c453275914dd,"",Active,2024-11-13 20:28:20.063,2024-11-13 20:28:20.063,"5fa72f32-1ffa-4815-bc55-979ee67dec76",2024-12-28 01:41:33.158,"5fa72f32-1ffa-4815-bc55-979ee67dec76",8
,"8fd7c122-b924-471c-b88c-8a88b8942bff",ResourceModel,"8fd7c122-b924-471c-b88c-8a88b8942bff",Apex,DEAL,b6becb93-4b72-4e45-9c12-e55508a29a1c.a808eec8-962d-4094-b8b0-6f2d83627574.8fd7c122-b924-471c-b88c-8a88b8942bff,b6becb93-4b72-4e45-9c12-e55508a29a1c,a808eec8-962d-4094-b8b0-6f2d83627574,c2cec638-997d-4798-a885-c453275914dd,Apex-NewVest Secure Filesharing,Active,2024-11-23 19:45:14.477,2024-11-23 19:45:14.477,"94c61d8b-51cc-4305-bc62-1e36858b2491",2024-11-23 19:45:44.095,"94c61d8b-51cc-4305-bc62-1e36858b2491",4
,"694e2b87-15db-4f6d-aafc-1a8dc52a3de6",ResourceModel,"694e2b87-15db-4f6d-aafc-1a8dc52a3de6",Apex Middle Office,DEAL,b6becb93-4b72-4e45-9c12-e55508a29a1c.a808eec8-962d-4094-b8b0-6f2d83627574.694e2b87-15db-4f6d-aafc-1a8dc52a3de6,b6becb93-4b72-4e45-9c12-e55508a29a1c,a808eec8-962d-4094-b8b0-6f2d83627574,c2cec638-997d-4798-a885-c453275914dd,"",Coming Soon,2024-04-12 18:11:37.578,2024-04-12 18:11:37.578,"94c61d8b-51cc-4305-bc62-1e36858b2491",2025-07-31 13:46:25.046,"94c61d8b-51cc-4305-bc62-1e36858b2491",7
,"8b4562d7-0972-4421-aa4d-f44e676095bd",ResourceModel,"8b4562d7-0972-4421-aa4d-f44e676095bd","Carlyle Asia Partners VI, L.P._24PE50",DEAL,b6becb93-4b72-4e45-9c12-e55508a29a1c.361483bd-8ea3-425a-80c6-18db9e71972e.b18f2c23-8681-4b08-a7b4-509d170ca9ed.8b4562d7-0972-4421-aa4d-f44e676095bd,b6becb93-4b72-4e45-9c12-e55508a29a1c,b6becb93-4b72-4e45-9c12-e55508a29a1c,c2cec638-997d-4798-a885-c453275914dd,"",Pending,2024-11-13 20:30:10.074,2024-11-13 20:30:10.074,"5fa72f32-1ffa-4815-bc55-979ee67dec76",2024-12-31 17:25:35.100,"5fa72f32-1ffa-4815-bc55-979ee67dec76",7
,"72a4bcfc-30ba-4de7-b026-8ea9feca1e15",ResourceModel,"72a4bcfc-30ba-4de7-b026-8ea9feca1e15","Sycamore Partners IV-A, L.P._24PE50",DEAL,b6becb93-4b72-4e45-9c12-e55508a29a1c.361483bd-8ea3-425a-80c6-18db9e71972e.b18f2c23-8681-4b08-a7b4-509d170ca9ed.72a4bcfc-30ba-4de7-b026-8ea9feca1e15,b6becb93-4b72-4e45-9c12-e55508a29a1c,b6becb93-4b72-4e45-9c12-e55508a29a1c,c2cec638-997d-4798-a885-c453275914dd,"",Pending,2024-11-13 20:29:43.053,2024-11-13 20:29:43.053,"5fa72f32-1ffa-4815-bc55-979ee67dec76",2024-12-31 19:59:46.162,"5fa72f32-1ffa-4815-bc55-979ee67dec76",6
,"718fe41b-dcd8-411f-bdb6-9bb2bce9bbc7",ResourceModel,"718fe41b-dcd8-411f-bdb6-9bb2bce9bbc7","Warburg Pincus Financial Sector III, L.P._24PE50",DEAL,b6becb93-4b72-4e45-9c12-e55508a29a1c.361483bd-8ea3-425a-80c6-18db9e71972e.b18f2c23-8681-4b08-a7b4-509d170ca9ed.718fe41b-dcd8-411f-bdb6-9bb2bce9bbc7,b6becb93-4b72-4e45-9c12-e55508a29a1c,b6becb93-4b72-4e45-9c12-e55508a29a1c,c2cec638-997d-4798-a885-c453275914dd,"",Active,2024-11-13 20:30:54.062,2024-11-13 20:30:54.062,"5fa72f32-1ffa-4815-bc55-979ee67dec76",2024-12-31 20:16:11.166,"5fa72f32-1ffa-4815-bc55-979ee67dec76",8
,a862f8b6-c177-4102-a6db-0ab8b06666e5,ResourceModel,a862f8b6-c177-4102-a6db-0ab8b06666e5,Providence Equity Partners IX L.P.,DEAL,b6becb93-4b72-4e45-9c12-e55508a29a1c.ddea4102-8ccc-4b58-b6e8-d706303b53c3.381dfb07-4385-49db-b80f-24865a535afa.a862f8b6-c177-4102-a6db-0ab8b06666e5,b6becb93-4b72-4e45-9c12-e55508a29a1c,"381dfb07-4385-49db-b80f-24865a535afa",,,Active,2023-01-11 18:28:57.963,2023-01-11 18:28:57.963,"00000000-0000-0000-0000-000000000001",2025-08-18 06:38:45.121,"6d95c757-c6e2-4bec-b7ce-4251b8becefb",14
,a8f090f6-9e10-4ad1-9cc0-44e4e89e3476,ResourceModel,a8f090f6-9e10-4ad1-9cc0-44e4e89e3476,"Churchill Middle Market Senior Loan Fund - Luxembourg SCSp, SICAV-RAIF",DEAL,b6becb93-4b72-4e45-9c12-e55508a29a1c.ddea4102-8ccc-4b58-b6e8-d706303b53c3.f90cf6f9-ea5a-403c-b19b-d44701a887ae.a8f090f6-9e10-4ad1-9cc0-44e4e89e3476,b6becb93-4b72-4e45-9c12-e55508a29a1c,f90cf6f9-ea5a-403c-b19b-d44701a887ae,,,Active,2023-01-11 19:24:28.987,2023-01-11 19:24:28.987,"00000000-0000-0000-0000-000000000001",2025-08-20 09:53:13.079,"6d95c757-c6e2-4bec-b7ce-4251b8becefb",9
,"7e7ff22e-424a-434b-8d6d-3e1dc1ae9412",ResourceModel,"7e7ff22e-424a-434b-8d6d-3e1dc1ae9412","Clearlake Capital Partners VIII, L.P._24PE50",DEAL,b6becb93-4b72-4e45-9c12-e55508a29a1c.361483bd-8ea3-425a-80c6-18db9e71972e.b18f2c23-8681-4b08-a7b4-509d170ca9ed.7e7ff22e-424a-434b-8d6d-3e1dc1ae9412,b6becb93-4b72-4e45-9c12-e55508a29a1c,b6becb93-4b72-4e45-9c12-e55508a29a1c,c2cec638-997d-4798-a885-c453275914dd,"",Active,2024-11-13 20:28:24.064,2024-11-13 20:28:24.064,"5fa72f32-1ffa-4815-bc55-979ee67dec76",2025-09-03 05:39:06.143,"6d95c757-c6e2-4bec-b7ce-4251b8becefb",11
,"7cf626cd-dcad-4258-9b05-6dcccdadaef9",ResourceModel,"7cf626cd-dcad-4258-9b05-6dcccdadaef9","Ares Capital Europe VI (""ACE VI"")",DEAL,b6becb93-4b72-4e45-9c12-e55508a29a1c.ddea4102-8ccc-4b58-b6e8-d706303b53c3.f90cf6f9-ea5a-403c-b19b-d44701a887ae.7cf626cd-dcad-4258-9b05-6dcccdadaef9,b6becb93-4b72-4e45-9c12-e55508a29a1c,f90cf6f9-ea5a-403c-b19b-d44701a887ae,,,Active,2023-01-11 19:44:46.482,2023-01-11 19:44:46.482,"00000000-0000-0000-0000-000000000001",2025-08-25 05:35:13.193,"6d95c757-c6e2-4bec-b7ce-4251b8becefb",11
,"96b467da-d494-459b-ae28-b9983960a9ef",ResourceModel,"96b467da-d494-459b-ae28-b9983960a9ef",IK X Fund No.1 SCSp_24PE50,DEAL,b6becb93-4b72-4e45-9c12-e55508a29a1c.361483bd-8ea3-425a-80c6-18db9e71972e.b18f2c23-8681-4b08-a7b4-509d170ca9ed.96b467da-d494-459b-ae28-b9983960a9ef,b6becb93-4b72-4e45-9c12-e55508a29a1c,b6becb93-4b72-4e45-9c12-e55508a29a1c,c2cec638-997d-4798-a885-c453275914dd,"",Active,2024-11-13 20:29:19.128,2024-11-13 20:29:19.128,"5fa72f32-1ffa-4815-bc55-979ee67dec76",2025-05-28 14:43:15.120,c5f5f28a-3b92-48be-aa43-65b93882dbc3,10
,"67d583e3-2e3e-4a7b-83d2-a766aadc0c4b",ResourceModel,"67d583e3-2e3e-4a7b-83d2-a766aadc0c4b","VPC Asset Backed Opportunistic Credit Fund II, L.P.",DEAL,b6becb93-4b72-4e45-9c12-e55508a29a1c.ddea4102-8ccc-4b58-b6e8-d706303b53c3.f90cf6f9-ea5a-403c-b19b-d44701a887ae.67d583e3-2e3e-4a7b-83d2-a766aadc0c4b,b6becb93-4b72-4e45-9c12-e55508a29a1c,f90cf6f9-ea5a-403c-b19b-d44701a887ae,,,Active,2023-06-06 15:29:29.155,2023-06-06 15:29:29.155,"00000000-0000-0000-0000-000000000001",2025-09-01 07:58:40.141,"6d95c757-c6e2-4bec-b7ce-4251b8becefb",12
,"94b9064e-5271-486f-970b-83c79d3987c4",ResourceModel,"94b9064e-5271-486f-970b-83c79d3987c4",KKR Lending Partners Europe III (Euro) SCSp,DEAL,b6becb93-4b72-4e45-9c12-e55508a29a1c.ddea4102-8ccc-4b58-b6e8-d706303b53c3.f90cf6f9-ea5a-403c-b19b-d44701a887ae.94b9064e-5271-486f-970b-83c79d3987c4,b6becb93-4b72-4e45-9c12-e55508a29a1c,f90cf6f9-ea5a-403c-b19b-d44701a887ae,,,Active,2023-01-11 19:29:18.627,2023-01-11 19:29:18.627,"00000000-0000-0000-0000-000000000001",2025-08-04 06:25:43.093,"6d95c757-c6e2-4bec-b7ce-4251b8becefb",12
,"837c7ee3-6185-4179-8826-e49152b1f05e",ResourceModel,"837c7ee3-6185-4179-8826-e49152b1f05e","General Atlantic Investment Partners 2025, L.P._24PE50",DEAL,b6becb93-4b72-4e45-9c12-e55508a29a1c.361483bd-8ea3-425a-80c6-18db9e71972e.b18f2c23-8681-4b08-a7b4-509d170ca9ed.837c7ee3-6185-4179-8826-e49152b1f05e,b6becb93-4b72-4e45-9c12-e55508a29a1c,b6becb93-4b72-4e45-9c12-e55508a29a1c,c2cec638-997d-4798-a885-c453275914dd,"",Active,2024-11-13 20:30:18.068,2024-11-13 20:30:18.068,"5fa72f32-1ffa-4815-bc55-979ee67dec76",2025-08-11 06:39:28.122,"6d95c757-c6e2-4bec-b7ce-4251b8becefb",9
,a72b7548-c72f-489b-b282-358171e4e724,ResourceModel,a72b7548-c72f-489b-b282-358171e4e724,"Atlantic Park Strategic Capital Fund II (Offshore), L.P",DEAL,b6becb93-4b72-4e45-9c12-e55508a29a1c.ddea4102-8ccc-4b58-b6e8-d706303b53c3.f90cf6f9-ea5a-403c-b19b-d44701a887ae.a72b7548-c72f-489b-b282-358171e4e724,b6becb93-4b72-4e45-9c12-e55508a29a1c,f90cf6f9-ea5a-403c-b19b-d44701a887ae,,,Active,2023-01-11 19:25:44.003,2023-01-11 19:25:44.003,"00000000-0000-0000-0000-000000000001",2025-08-11 06:40:19.190,"6d95c757-c6e2-4bec-b7ce-4251b8becefb",14
,b3c893c8-7f47-4243-977a-b7e3f7ec62fe,ResourceModel,b3c893c8-7f47-4243-977a-b7e3f7ec62fe,Blackstone Capital Partners IX L.P._24PE50,DEAL,b6becb93-4b72-4e45-9c12-e55508a29a1c.361483bd-8ea3-425a-80c6-18db9e71972e.b18f2c23-8681-4b08-a7b4-509d170ca9ed.b3c893c8-7f47-4243-977a-b7e3f7ec62fe,b6becb93-4b72-4e45-9c12-e55508a29a1c,b6becb93-4b72-4e45-9c12-e55508a29a1c,c2cec638-997d-4798-a885-c453275914dd,"",Active,2024-11-07 17:50:34.062,2024-11-07 17:50:34.062,"5fa72f32-1ffa-4815-bc55-979ee67dec76",2025-08-12 06:27:14.093,"6d95c757-c6e2-4bec-b7ce-4251b8becefb",12
,c378204d-b992-40ae-873d-6ee37df861d4,ResourceModel,c378204d-b992-40ae-873d-6ee37df861d4,Tikehau Direct Lending VI RAIF,DEAL,b6becb93-4b72-4e45-9c12-e55508a29a1c.ddea4102-8ccc-4b58-b6e8-d706303b53c3.f90cf6f9-ea5a-403c-b19b-d44701a887ae.c378204d-b992-40ae-873d-6ee37df861d4,b6becb93-4b72-4e45-9c12-e55508a29a1c,f90cf6f9-ea5a-403c-b19b-d44701a887ae,,,Active,2023-01-11 19:19:34.131,2023-01-11 19:19:34.131,"00000000-0000-0000-0000-000000000001",2025-09-09 13:46:52.130,"6d95c757-c6e2-4bec-b7ce-4251b8becefb",10
,ebde73ca-3f72-43ef-a7af-4779f3d95346,ResourceModel,ebde73ca-3f72-43ef-a7af-4779f3d95346,"H.I.G. Europe Middle Market LBO Fund II (Cayman), L.P._24PE50",DEAL,b6becb93-4b72-4e45-9c12-e55508a29a1c.361483bd-8ea3-425a-80c6-18db9e71972e.b18f2c23-8681-4b08-a7b4-509d170ca9ed.ebde73ca-3f72-43ef-a7af-4779f3d95346,b6becb93-4b72-4e45-9c12-e55508a29a1c,b6becb93-4b72-4e45-9c12-e55508a29a1c,c2cec638-997d-4798-a885-c453275914dd,"",Active,2024-11-13 20:30:26.076,2024-11-13 20:30:26.076,"5fa72f32-1ffa-4815-bc55-979ee67dec76",2024-12-31 18:57:56.170,"5fa72f32-1ffa-4815-bc55-979ee67dec76",8
"1796839",f7b0d6f8-804a-4c8d-9cf3-4ffbb255e48b,ResourceModel,f7b0d6f8-804a-4c8d-9cf3-4ffbb255e48b,IQEQ,DEAL,b6becb93-4b72-4e45-9c12-e55508a29a1c.a808eec8-962d-4094-b8b0-6f2d83627574.f7b0d6f8-804a-4c8d-9cf3-4ffbb255e48b,b6becb93-4b72-4e45-9c12-e55508a29a1c,a808eec8-962d-4094-b8b0-6f2d83627574,c2cec638-997d-4798-a885-c453275914dd,IQEQ NewVest Secure Filesharing,Coming Soon,2024-11-23 19:44:48.049,2024-11-23 19:44:48.049,"94c61d8b-51cc-4305-bc62-1e36858b2491",2024-11-23 19:44:49.308,"94c61d8b-51cc-4305-bc62-1e36858b2491",3
,dc6e06eb-6b3d-4daa-b1a3-e790377b8a73,ResourceModel,dc6e06eb-6b3d-4daa-b1a3-e790377b8a73,NewVest AML - KYC Documents,DEAL,b6becb93-4b72-4e45-9c12-e55508a29a1c.a808eec8-962d-4094-b8b0-6f2d83627574.dc6e06eb-6b3d-4daa-b1a3-e790377b8a73,b6becb93-4b72-4e45-9c12-e55508a29a1c,a808eec8-962d-4094-b8b0-6f2d83627574,,,Coming Soon,2023-05-17 19:36:49.186,2023-05-17 19:36:49.186,"00000000-0000-0000-0000-000000000001",2025-07-31 13:46:37.090,"94c61d8b-51cc-4305-bc62-1e36858b2491",3
,fdd74069-cb48-488d-9c5d-548d74d4fe33,ResourceModel,fdd74069-cb48-488d-9c5d-548d74d4fe33,"K6 Private Investors, L.P._24PE50",DEAL,b6becb93-4b72-4e45-9c12-e55508a29a1c.361483bd-8ea3-425a-80c6-18db9e71972e.b18f2c23-8681-4b08-a7b4-509d170ca9ed.fdd74069-cb48-488d-9c5d-548d74d4fe33,b6becb93-4b72-4e45-9c12-e55508a29a1c,b6becb93-4b72-4e45-9c12-e55508a29a1c,c2cec638-997d-4798-a885-c453275914dd,"",Active,2024-11-13 20:29:03.067,2024-11-13 20:29:03.067,"5fa72f32-1ffa-4815-bc55-979ee67dec76",2024-12-31 19:05:58.186,"5fa72f32-1ffa-4815-bc55-979ee67dec76",8
,f7f59b73-9191-43c0-985b-dd7db21ec0ca,ResourceModel,f7f59b73-9191-43c0-985b-dd7db21ec0ca,"TPG Growth Fund VI,L.P._24PE50",DEAL,b6becb93-4b72-4e45-9c12-e55508a29a1c.361483bd-8ea3-425a-80c6-18db9e71972e.b18f2c23-8681-4b08-a7b4-509d170ca9ed.f7f59b73-9191-43c0-985b-dd7db21ec0ca,b6becb93-4b72-4e45-9c12-e55508a29a1c,b6becb93-4b72-4e45-9c12-e55508a29a1c,c2cec638-997d-4798-a885-c453275914dd,"",Active,2024-11-13 20:30:38.058,2024-11-13 20:30:38.058,"5fa72f32-1ffa-4815-bc55-979ee67dec76",2025-08-13 05:48:27.193,"6d95c757-c6e2-4bec-b7ce-4251b8becefb",8
,"9b3e82f5-cb25-4b5a-b34e-3d8cb41ee75e",ResourceModel,"9b3e82f5-cb25-4b5a-b34e-3d8cb41ee75e","Strategic Value Special Situations Fund VI, L.P._24PE50",DEAL,b6becb93-4b72-4e45-9c12-e55508a29a1c.361483bd-8ea3-425a-80c6-18db9e71972e.b18f2c23-8681-4b08-a7b4-509d170ca9ed.9b3e82f5-cb25-4b5a-b34e-3d8cb41ee75e,b6becb93-4b72-4e45-9c12-e55508a29a1c,b6becb93-4b72-4e45-9c12-e55508a29a1c,c2cec638-997d-4798-a885-c453275914dd,"",Active,2024-11-13 20:29:23.067,2024-11-13 20:29:23.067,"5fa72f32-1ffa-4815-bc55-979ee67dec76",2025-08-18 07:08:15.132,"6d95c757-c6e2-4bec-b7ce-4251b8becefb",8
,"483fa7c5-df01-4091-8db0-8a676625de21",ResourceModel,"483fa7c5-df01-4091-8db0-8a676625de21",Blackstone Life Sciences VI L.P._24PE50,DEAL,b6becb93-4b72-4e45-9c12-e55508a29a1c.361483bd-8ea3-425a-80c6-18db9e71972e.b18f2c23-8681-4b08-a7b4-509d170ca9ed.483fa7c5-df01-4091-8db0-8a676625de21,b6becb93-4b72-4e45-9c12-e55508a29a1c,b6becb93-4b72-4e45-9c12-e55508a29a1c,c2cec638-997d-4798-a885-c453275914dd,"",Active,2024-11-13 20:29:31.059,2024-11-13 20:29:31.059,"5fa72f32-1ffa-4815-bc55-979ee67dec76",2025-08-18 08:16:22.121,"6d95c757-c6e2-4bec-b7ce-4251b8becefb",10
,"5b9a8ae9-b41a-43de-aecb-1c71d460177e",ResourceModel,"5b9a8ae9-b41a-43de-aecb-1c71d460177e",Blackstone Growth II L.P._24PE50,DEAL,b6becb93-4b72-4e45-9c12-e55508a29a1c.361483bd-8ea3-425a-80c6-18db9e71972e.b18f2c23-8681-4b08-a7b4-509d170ca9ed.5b9a8ae9-b41a-43de-aecb-1c71d460177e,b6becb93-4b72-4e45-9c12-e55508a29a1c,b6becb93-4b72-4e45-9c12-e55508a29a1c,c2cec638-997d-4798-a885-c453275914dd,"",Active,2024-11-13 20:30:06.085,2024-11-13 20:30:06.085,"5fa72f32-1ffa-4815-bc55-979ee67dec76",2025-08-19 07:30:50.107,ea40a4fe-ed6c-4d58-bdb1-9f033c893f4b,9
,d3281471-421a-48bf-a64e-cf1936798407,ResourceModel,d3281471-421a-48bf-a64e-cf1936798407,"The Veritas Capital Fund IX, L.P._24PE50",DEAL,b6becb93-4b72-4e45-9c12-e55508a29a1c.361483bd-8ea3-425a-80c6-18db9e71972e.b18f2c23-8681-4b08-a7b4-509d170ca9ed.d3281471-421a-48bf-a64e-cf1936798407,b6becb93-4b72-4e45-9c12-e55508a29a1c,b6becb93-4b72-4e45-9c12-e55508a29a1c,c2cec638-997d-4798-a885-c453275914dd,"",Active,2024-11-13 20:28:40.056,2024-11-13 20:28:40.056,"5fa72f32-1ffa-4815-bc55-979ee67dec76",2025-08-19 13:04:09.206,"6d95c757-c6e2-4bec-b7ce-4251b8becefb",9
,b7bc39c5-833e-41e6-8716-e5e078c866be,ResourceModel,b7bc39c5-833e-41e6-8716-e5e078c866be,"Hellman & Friedman Capital Partners XI, L.P.",DEAL,b6becb93-4b72-4e45-9c12-e55508a29a1c.ddea4102-8ccc-4b58-b6e8-d706303b53c3.381dfb07-4385-49db-b80f-24865a535afa.b7bc39c5-833e-41e6-8716-e5e078c866be,b6becb93-4b72-4e45-9c12-e55508a29a1c,"381dfb07-4385-49db-b80f-24865a535afa",,,Active,2023-01-11 18:54:22.022,2023-01-11 18:54:22.022,"00000000-0000-0000-0000-000000000001",2025-08-20 07:49:09.078,"6d95c757-c6e2-4bec-b7ce-4251b8becefb",3
,"5b251ad8-b0ae-4269-9665-9e95aa44f647",ResourceModel,"5b251ad8-b0ae-4269-9665-9e95aa44f647","Bain Capital Fund XIV, L.P._24PE50",DEAL,b6becb93-4b72-4e45-9c12-e55508a29a1c.361483bd-8ea3-425a-80c6-18db9e71972e.b18f2c23-8681-4b08-a7b4-509d170ca9ed.5b251ad8-b0ae-4269-9665-9e95aa44f647,b6becb93-4b72-4e45-9c12-e55508a29a1c,b6becb93-4b72-4e45-9c12-e55508a29a1c,c2cec638-997d-4798-a885-c453275914dd,"",Pending,2024-11-13 20:30:30.061,2024-11-13 20:30:30.061,"5fa72f32-1ffa-4815-bc55-979ee67dec76",2025-08-20 08:44:56.158,"6d95c757-c6e2-4bec-b7ce-4251b8becefb",9
,"404bb42d-5d70-4d26-85a9-d01963f11e45",ResourceModel,"404bb42d-5d70-4d26-85a9-d01963f11e45","The Resolute Fund VI, L.P.",DEAL,b6becb93-4b72-4e45-9c12-e55508a29a1c.ddea4102-8ccc-4b58-b6e8-d706303b53c3.381dfb07-4385-49db-b80f-24865a535afa.404bb42d-5d70-4d26-85a9-d01963f11e45,b6becb93-4b72-4e45-9c12-e55508a29a1c,"381dfb07-4385-49db-b80f-24865a535afa",,,Active,2023-03-17 15:51:21.666,2023-03-17 15:51:21.666,"00000000-0000-0000-0000-000000000001",2025-08-28 05:37:57.080,"6d95c757-c6e2-4bec-b7ce-4251b8becefb",18
,ca977014-111d-46e1-b301-e4fe0f43b9f7,ResourceModel,ca977014-111d-46e1-b301-e4fe0f43b9f7,"17Capital Strategic Lending Fund 6 USD SCSp",DEAL,b6becb93-4b72-4e45-9c12-e55508a29a1c.ddea4102-8ccc-4b58-b6e8-d706303b53c3.f90cf6f9-ea5a-403c-b19b-d44701a887ae.ca977014-111d-46e1-b301-e4fe0f43b9f7,b6becb93-4b72-4e45-9c12-e55508a29a1c,f90cf6f9-ea5a-403c-b19b-d44701a887ae,,,Active,2023-01-11 19:34:16.703,2023-01-11 19:34:16.703,"00000000-0000-0000-0000-000000000001",2025-08-29 06:11:27.059,"6d95c757-c6e2-4bec-b7ce-4251b8becefb",14

